v1,v2,,,
ham,"জুরং পয়েন্ট পর্যন্ত যাও, পাগলা.. শুধুমাত্র বুগিস এন গ্রেট ওয়ার্ল্ড লা ই বুফেতে পাওয়া যায়... সিনে ওয়ার গোট অ্যামোর ওয়াট...",,,
ham,ঠিক আছে... তোমার সাথে মজা করছি...,,,
spam,২১শে মে ২০০৫ তারিখে FA কাপ ফাইনাল জেতার জন্য ২ সপ্তাহের প্রতিযোগিতায় বিনামূল্যে প্রবেশ। প্রবেশের প্রশ্ন পেতে FA নম্বরে ৮৭১২১ নম্বরে টেক্সট করুন (std txt রেট) শর্তাবলী প্রযোজ্য ০৮৪৫২৮১০০৭৫ওভার১৮,,,
ham,তুমি এত তাড়াতাড়ি বলো না... তুমি ইতিমধ্যেই বলো...,,,
ham,"না, আমার মনে হয় না সে USF-এ যাবে, যদিও সে এখানেই থাকে",,,
spam,"FreeMsg হে প্রিয়তমা ৩ সপ্তাহ হয়ে গেছে এবং আর কোন খবর নেই! আমি এখনও তোমার সাথে মজা করতে চাই? ঠিক আছে! XxX std chgs পাঠাতে হবে, å£1.50 rcv",,,
ham,এমনকি আমার ভাইও আমার সাথে কথা বলতে পছন্দ করে না। তারা আমাকে এইডস পেটেন্টের মতো আচরণ করে।,,,
ham,,,,
spam,আপনার অনুরোধ অনুসারে 'Melle Melle (Oru Minnaminunginte Nurungu Vettam)' সকল কলারদের জন্য আপনার কলারটিউন হিসেবে সেট করা হয়েছে। আপনার বন্ধুদের Callertune কপি করতে *9 টিপুন,,,
spam,WINNER!! একজন মূল্যবান নেটওয়ার্ক গ্রাহক হিসেবে আপনাকে £900 পুরস্কারের পুরস্কার পাওয়ার জন্য নির্বাচিত করা হয়েছে! দাবি করতে 09061701461 নম্বরে কল করুন। দাবি কোড KL341। বৈধতা মাত্র 12 ঘন্টা।,,,
ham,,,,
spam,আপনার মোবাইল কি 11 মাস বা তার বেশি ছিল? আপনি বিনামূল্যে ক্যামেরা সহ সর্বশেষ রঙিন মোবাইল আপডেট করার অধিকারী! 08002986030 নম্বরে বিনামূল্যে The Mobile Update Co-কে কল করুন,,,
spam,,,,
ham,"আমি শীঘ্রই বাড়িতে ফিরে আসছি এবং আজ রাতে আমি এই জিনিসগুলি নিয়ে আর কথা বলতে চাই না, কে? আমি আজ অনেক কেঁদেছি।",,,
ham,"নগদ জেতার ছয়টি সুযোগ! ১০০ থেকে ২০,০০০ পাউন্ড txt> CSH11 এবং ৮৭৫৭৫ নম্বরে পাঠান। খরচ ১৫০ পয়সা/দিন, ৬ দিন, ১৬+ TsandCs প্রযোজ্য উত্তর দিন HL ৪ তথ্য",,,
spam,"জরুরি! আপনি আমাদের å£১০০,০০০ প্রাইজ জ্যাকপটে ১ সপ্তাহের বিনামূল্যে সদস্যপদ জিতেছেন! এই বার্তাটি পাঠান: দাবি করুন নম্বরে: 81010 T&C www.dbuk.net LCCLTD POBOX 4403LDNW1A7RW18",,,
ham,এই শ্বাস-প্রশ্বাসের জন্য আপনাকে ধন্যবাদ জানাতে আমি সঠিক শব্দ খুঁজছি। আমি প্রতিশ্রুতি দিচ্ছি যে আমি আপনার সাহায্যকে অবহেলা করব না এবং আমার প্রতিশ্রুতি পূরণ করব। আপনি সর্বদা দুর্দান্ত এবং আশীর্বাদস্বরূপ ছিলেন।,,,
ham,রবিবার আমার ইচ্ছার সাথে একটি তারিখ আছে!!,,,
ham,"XXXMobileMovieClub: আপনার ক্রেডিট ব্যবহার করতে, পরবর্তী txt বার্তায় WAP লিঙ্কে ক্লিক করুন অথবা এখানে ক্লিক করুন >> http://wap. xxxmobilemovieclub.com?n=QJKGIGHJJGCBL",,,
spam,"ওহ, আমি এখানে দেখছি:)",,,
ham,"ওহ, তোমার মনে আছে তুমি তার নামের বানান কিভাবে বানান করেছ... হ্যাঁ, আমি করেছি। আমি যতক্ষণ না ভিজে যাই, সে দুষ্টুমি করত।",,,
ham,"ঠিক আছে, যদি তুমি এমনটা অনুভব করো। এটা এমনই হবে",,,
ham,"ইংল্যান্ড বনাম ম্যাসেডোনিয়া - গোল/দলের খবর মিস করো না। তোমার জাতীয় দলকে 87077 নম্বরে টেক্সট করো যেমন ইংল্যান্ড থেকে 87077 নম্বরে চেষ্টা করো: ওয়েলস, স্কটল্যান্ড 4txt/Ì¼1.20 POBOXox36504W45WQ 16+",,,
ham,তুমি কি সত্যিই তার নাম এভাবে বানান করো?,,,
ham,আমি 2 মাস চেষ্টা করব হা হা শুধু মজা করছি,,,
ham,তাহলে Ì_ আগে টাকা দাও... তারপর কখন আসবে...,,,
ham,আমার দুপুরের খাবার শেষ করার পর আমি স্টক ডাউন করতে যাই। আর 3 মিনিট পর। তুমি কি ইতিমধ্যেই দুপুরের খাবার শেষ করে ফেলেছো?,,,
ham,"উফফফফফ। ঠিক আছে, তোমার সাথে আর আগে দেখা করতে পারবো না?",,,
ham,,,,
ham,জোর করে এক টুকরো খেতে বাধ্য করেছি। আমার আসলে ক্ষুধা নেই। এটা খারাপ। মার্ক চিন্তিত হয়ে পড়ছে। সে জানে আমি পিৎজা না দিলে অসুস্থ হয়ে পড়ি। হা হা হা,,,
ham,হা হা হা তুমি সবসময় এতটাই বিশ্বাসী।,,,
ham,,,,
ham,তুমি কি বাস ধরেছো? তুমি কি ডিম ভাজছো? চা বানাচ্ছো? তুমি কি তোমার মায়ের অবশিষ্ট খাবার খাচ্ছো? তুমি কি আমার ভালোবাসা অনুভব করছো?,,,
ham,,,,
spam,"আমি ফিরে এসেছি এবং আমরা এখন গাড়ি প্যাক করছি, জায়গা থাকলে তোমাকে জানাবো",,,
ham,আহহ। কাজ। আমার অস্পষ্টভাবে মনে আছে! কেমন লাগছে? হা হা হা,,,
ham,"দাঁড়াও, এটা এখনও স্পষ্ট নয়, তুমি কি নিশ্চিত ছিলে না যে আমি ব্যঙ্গাত্মক কথা বলছি নাকি x আমাদের সাথে থাকতে চায় না",,,
ham,"হ্যাঁ, সে ২ টায় উঠেছিল এবং খুব ক্ষমা চেয়েছিল। n পড়ে গিয়েছিল আর সে একটা নষ্ট বাচ্চার মতো কাজ করছিল আর সে ওতেই আটকে গেল। ২টা পর্যন্ত! কিন্তু আমরা ওখানে যাব না! খুব খারাপভাবে চিয়ার্স করছি না। তুমি?",,,
ham,তোমার সম্পর্কে কিছু বলো।,,,
ham,তুমি এত ঘরের কাজ করতে করতে অজ্ঞান হয়ে যাওয়ার ভয়ে? তাড়াতাড়ি একটা কাপ খাও,,,
ham,Ringtone UK সাবস্ক্রিপশনের জন্য ধন্যবাদ তোমার মোবাইলের জন্য প্রতি মাসে £৫ চার্জ করা হবে। হ্যাঁ অথবা না উত্তর দিয়ে নিশ্চিত করো। যদি তুমি না উত্তর দাও তাহলে তোমাকে চার্জ করা হবে না,,,
ham,"হ্যাঁ... ঠিক আছে আমি বাড়ি যাই, সময় দেখে আবার Ì_ মেসেজ করব... জুহুই ২রা মেও শিখবে কিন্তু তার পাঠ সকাল ৮টায়",,,
spam,"ওহ, আমার রুমমেট শেষ হলে তোমাকে জানাবো",,,
ham,আমি আমার গাড়িতে B অক্ষরটি দেখতে পাচ্ছি,,,
ham,কিছু না... তুমি সিদ্ধান্ত নাও...,,,
ham,হ্যালো! কেমন আছো আর শনিবার কেমন গেল? আমি শুধু টেক্সট করছিলাম তুমি আজ কিছু করার সিদ্ধান্ত নিয়েছো কিনা। এমন না যে আমি নিজেকে বা অন্য কিছুকে আমন্ত্রণ জানাতে চাইছি!,,,
ham,দয়া করে ওয়াটস দিয়ে এগিয়ে যান। আমি কেবল নিশ্চিত হতে চেয়েছিলাম। আপনার সপ্তাহান্ত দারুন কাটুক। অ্যাবিওলা,,,
ham,"আমি কি আপনাকে বলতে ভুলে গেছি? আমি আপনাকে চাই, আমার আপনাকে দরকার, আমি আপনাকে কামনা করি ... তবে সবচেয়ে বেশি ... আমি আপনাকে ভালোবাসি আমার মিষ্টি অ্যারাবিয়ান ঘোড়া ... উমমমম ... সুস্বাদু",,,
ham,07732584351 - রজার বার্নস - MSG = আমরা আপনাকে একটি বিনামূল্যে নোকিয়া মোবাইল + বিনামূল্যে ক্যামকর্ডারের জন্য আমাদের এসএমএসের উত্তরে কল করার চেষ্টা করেছি। আগামীকাল ডেলিভারির জন্য এখনই 08000930705 নম্বরে কল করুন,,,
ham,আপনি কাকে দেখছেন?,,,
ham,দারুন! আমি আশা করি আপনার লোকটি আপনার ভালো লাগবে। আমি <#> ইঞ্চি...,,,
ham,কোন কল নেই.. বার্তা নেই.. মিসড কল,,,
ham,নাইজেরিয়ায় আপনার হেপাটাইটিস টিকা পাননি?,,,
ham,"ঠিক আছে, কিছু হচ্ছে?",,,
spam,"হ্যাঁ, আশা করি, যদি টাইলার এটা করতে না পারে, তাহলে আমি হয়তো একটু জিজ্ঞাসা করতে পারতাম।",,,
ham,তুমি জানো না আমি কতটা জেদী। আমি হাসপাতালে যেতেও চাইনি। আমি মার্ককে বারবার বলছিলাম যে আমি দুর্বল নই। হাসপাতাল দুর্বলদের জন্য।,,,
spam,তুমি আমার সম্পর্কে কী ভেবেছিলে? প্রথমবার যখন তুমি আমাকে ক্লাসে দেখেছ।,,,
ham,এক গ্রাম সাধারণত দৌড়ায়,,,
ham,"এর মতো, অর্ধেক অষ্টমাংশ বেশি বুদ্ধিমান এবং আপনাকে প্রায় পুরো এক গ্রাম করে দেবে ",,,
ham,কে ফাই x কাল ভোরে যাত্রা করবে কিন্তু সে আজ রাতে আমাদের বাড়িতে দুর্ঘটনায় পড়বে,,,
ham,"বাহ। আমি কখনই বুঝতে পারিনি যে তুমি তোমার থাকার ব্যবস্থা দেখে এতটা বিব্রত। আমি ভেবেছিলাম তুমি এটা পছন্দ করেছো, কারণ আমি আমার যথাসাধ্য চেষ্টা করছিলাম এবং তুমি সবসময় \""গুহা\"" নিয়ে এত খুশি বলে মনে হয়েছিলে। আমি দুঃখিত যে আমি তা করিনি এবং দেওয়ার মতো আর কিছু নেই। আমি দুঃখিত যে আমি অফার করেছি। আমি দুঃখিত যে তোমার ঘরটি এত বিব্রতকর ছিল।""",,,
ham,এসএমএস। ac Sptv: নিউ জার্সি ডেভিলস এবং ডেট্রয়েট রেড উইংস আইস হকি খেলে। সঠিক না ভুল? শেষ? উত্তর END SPTV,,,
ham,তুমি কি জানো মল্লিকা শেরাওয়াত গতকাল কী করেছিল? এখনই জেনে নাও @ &lt;URL&gt;,,,
ham,"অভিনন্দন! ২ বছরের জন্য ১ বছরের বিশেষ সিনেমা পাস তোমার। এখনই ০৯০৬১২০৯৪৬৫ নম্বরে কল করো! C Suprman V, Matrix3, StarWars3, ইত্যাদি ৪টি বিনামূল্যে! bx420-ip4-5we. দুপুর ১৫০টা। মিস করবেন না!",,,
ham,,,,
spam,"দুঃখিত, আমি মিটিংয়ে পরে ফোন করব।",,,
ham,,,,
spam,তুমি কোথায় পৌঁছেছো বলো,,,
spam,,,,
ham,হ্যাঁ.. গৌতি আর সেহওয়াগ ওডিআই সিরিজ থেকে বেরিয়ে এসেছে।,,,
ham,,,,
ham,বাড়ি ফেরার পথে তোমাকে নিজের জন্য ১ ডলারের বার্গার নিতে হবে। আমি নড়তেও পারছি না। ব্যথা আমাকে মেরে ফেলছে।,,,
ham,,,,
ham,"হা হা হা, ভালো রসিকতা। মেয়েরা পরিস্থিতির সন্ধানী।",,,
ham,,,,
ham,এটা আইকিউ পরীক্ষা করার একটা অংশ,,,
ham,,,,
ham,"দুঃখিত আমার রুমমেটরা চিরকাল ধরে চলে গেছে, আমি এখন যদি আসি তাহলে ঠিক আছে?",,,
ham,,,,
ham,"ঠিক আছে, আমি হেয়ারড্রেসারকে ডবল চেক করে নিচ্ছি, সে ইতিমধ্যেই বলেছে যে কাট ভি শর্ট করবে। সে বলেছে যতক্ষণ না আমি সুন্দর দেখাচ্ছি ততক্ষণ কাটবে।",,,
ham,,,,
ham,"একজন মূল্যবান গ্রাহক হিসেবে, আমি আপনাকে আনন্দের সাথে জানাচ্ছি যে আপনার মোবাইল নম্বরের সাম্প্রতিক পর্যালোচনার পর, আপনাকে £১৫০০ বোনাস পুরষ্কার প্রদান করা হচ্ছে, ০৯০৬৬৩৬৪৫৮৯ নম্বরে কল করুন।",,,
ham,"আজ \গানের জন্য উৎসর্গীকৃত দিন..\"" আপনি কোন গানটি আমার জন্য উৎসর্গ করবেন? আপনার সমস্ত মূল্যবান বন্ধুদের কাছে এটি পাঠান তবে প্রথমে আমাকে উত্তর দিন...""",,,
ham,"জরুরি UR EuroDisinc Trav, Aco&Entry41 অথবা £১০০০-এ একটি বিনামূল্যের ভ্রমণের জন্য পুরষ্কার পেয়েছে। 87121 18+6*å£1.50(moreFrmMob. ShrAcomOrSglSuplt)10, LS1 3AJ নম্বরে TXT DIS দাবি করতে",,,
ham,"আপনি কি নতুন \Divorce Barbie\"" সম্পর্কে শুনেছেন? এটি কেনের সমস্ত জিনিসপত্রের সাথে আসে!",,,
ham,আমি এই মাসের শেষে দেওয়ার পরিকল্পনা করছি।,,,
ham,বাহ ভাগ্যবান মানুষ... তাহলে টাকা বাঁচাতে পারি... হি...,,,
ham,"ক্লাস শেষ, আপনি কোথায়।",,,
ham,"হাই বেবি, আমি এখন বাড়িতে কিছু করতে চাই? XX",,,
ham,K..k:)তুমি কোথায়? কেমন কাজ করেছো?,,,
ham,তুমি এখন আমাকে ফোন করতে পারো...,,,
ham,আমি অপেক্ষা করছি মাচান। তুমি ফ্রি হলে আমাকে ফোন করো।,,,
ham,দারুন। আমি একজন ভদ্রলোক এবং তোমার সাথে মর্যাদা ও শ্রদ্ধার সাথে আচরণ করব।,,,
spam,আমি তোমাদের খুব পছন্দ করি :) কিন্তু আমি খুব লাজুক বাবা।,,,
ham,পরে কাজ করে না &lt;#&gt; অথবা কি,,,
spam,এখানে একই রকম নয়। এখনও চাকরি খুঁজছি। Ta's সেখানে কত আয় করে।, PO Box 5249," MK17 92H. 450Ppw 16""",
ham,"দুঃখিত, আমি পরে ফোন করব",,,
ham,K. তুমি কি এখনই আমাকে ফোন করেছো আহ?,,,
ham,ঠিক আছে আমি বাড়ি যাচ্ছি হাই হাই,,,
ham,তুমি ঐ লোকটির জায়গায় থাকবে,,,
ham,"হ্যাঁ, পরের স্টপ।",,,
ham,"আমি তোমাকে পরে ফোন করব, নেটওয়ার্ক নেই। যদি জরুরি হয়, তাহলে আমাকে এসএমএস করো।",,,
ham,সত্যি বলতে তুমি যখন তোমার সাথে উঠবে? আমার আরও দুটি টিকিট এবং আরও একটি জ্যাকেট লাগবে এবং আমার কাজ শেষ। আমি ইতিমধ্যেই আমার সব মাল্টি ব্যবহার করে ফেলেছি।,,,
ham,"হ্যাঁ, আমি এটা তৈরির জন্য অনুরোধ পাঠাতে শুরু করেছি কিন্তু ব্যথা ফিরে এসেছে তাই আমি আবার বিছানায় শুয়ে আছি। কারখানায়ও ডাবল কয়েন। আমার সব নাইট্রো টাকা করে নিতে হবে।",,,
ham,,,,
ham,আমি আজ রাতে এখনও ঠিক করতে পারছি না বাবু,,,
ham,"এলা কানো, আমি ডাউনলোড করছি, তুমি ফ্রি হলে এসো..",,,
ham,,,,
ham,"হ্যাঁ, করো! বন্ধ করতে দেরি করো না - তুমি কিছু ধরবে!",,,
ham,,,,
ham,ব্যথা হওয়ার জন্য দুঃখিত। আমরা যদি আরেকটি রাতের সাথে দেখা করি তাহলে কি ঠিক হবে? আমি বিকেলের শেষভাগে দুর্ঘটনার সময় কাটিয়েছি এবং এর মানে হল আমি তোমার কোনও কাজ করিনি এবং এর মধ্যে আমার সমস্ত সময়সূচীও রয়েছে। দুঃখিত।,,,
ham,,,,
ham,"আনন্দে হাসি, যন্ত্রণায় হাসি, যখন কষ্ট বৃষ্টির মতো ঝরে তখন হাসি, যখন সমুদয় কষ্ট হয় তখন হাসি কারণ কেউ এখনও তোমাকে হাসতে দেখতে ভালোবাসে!!",,,
spam,,,,
ham,আমাদের গ্রাহক পরিষেবা প্রতিনিধিকে সকাল ১০টা থেকে রাত ৯টার মধ্যে ০৮০০ ১৬৯ ৬০৩১ নম্বরে কল করুন কারণ আপনি নিশ্চিতভাবে ১০০০ পাউন্ড নগদ অথবা ৫০০০ পাউন্ড পুরস্কার জিতেছেন!,,,
ham,পরে কেনার পরিকল্পনা নেই। আমি ইতিমধ্যেই দেখেছি লিডো বিকেলে মাত্র ৫৩০ শো পেয়েছে। আপনি ইতিমধ্যেই কাজ শেষ করেছেন?,,,
spam,"আপনার বিনামূল্যের রিংটোন সংগ্রহের অপেক্ষায় রয়েছে। যাচাই করতে কেবল পাসওয়ার্ড \MIX\"" লিখে ৮৫০৬৯ নম্বরে টেক্সট করুন। উশার এবং ব্রিটনিকে নিয়ে যান। FML PO Box 5249 MK17 92H. 450Ppw 16""",,,
ham,তেলেগু সিনেমা দেখছি..তুমি কী করলে?,,,
ham,বুঝলাম। যখন আমরা কাজ শেষ করব তখন আমাদের অনেক ঋণ পরিশোধ করতে হবে,,,
spam,"হাই। ঠিক আছে - এখন ছুটিতে! হ্যাঁ, একটু দৌড়াদৌড়ির জন্য। ভুলে গেছি যে আমার চারটায় হেয়ারড্রেসার অ্যাপয়েন্টমেন্ট আছে তাই আগে থেকেই বাড়ি ফিরে গোসল করতে হবে। এতে কি তোমার সমস্যা হবে?""
হ্যাম""""""",,,
spam,দয়া করে আমাকে আর টেক্সট করবেন না। আমার আর কিছু বলার নেই।,,,
ham,"ঠিক আছে, যতক্ষণ না এটা বৈধ, ততক্ষণ তোমার দামটা বলো! আমি কোথা থেকে এগুলো নিতে পারব? তুমি x ams xx",,,
spam,আমি এখনও কেনার জন্য গাড়ি খুঁজছি। এবং এখনও ড্রাইভিং পরীক্ষায় যাইনি।,,,
ham,আপনার অনুরোধ অনুসারে 'Melle Melle (Oru Minnaminunginte Nurungu Vettam)' সকল কলারদের জন্য তোমার কলারটিউন হিসেবে সেট করা হয়েছে। তোমার বন্ধুদের Callertune কপি করতে *9 টিপুন,,,
ham,"বাহ। তুমি ঠিক বলেছো! আমি এটা করতে চাইনি। আমার মনে হয় একবার আমি বোস্টন পুরুষদের উপর হাল ছেড়ে দিয়েছিলাম এবং আমার অনুসন্ধানের অবস্থানটি NYC তে পরিবর্তন করেছিলাম, কিছু পরিবর্তন হয়েছিল। কারণ আমার সাইন ইন পেজে এখনও লেখা আছে বোস্টন।",,,
ham,উম্মা আমার জীবন এবং ভাভা উম্মা তোমাকে অনেক ভালোবাসি প্রিয়,,,
ham,আমার জন্মদিনে তোমার শুভেচ্ছার জন্য অনেক ধন্যবাদ। আমার জন্মদিনকে সত্যিই স্মরণীয় করে রাখার জন্য তোমাকে ধন্যবাদ।,,,
ham,"আচ্ছা, কিছু টাকা পেলেই আমি তোমাকে জানাবো",,,
ham,আমার কম্পিউটারটি মাইনক্রাফ্ট সার্ভার নয় ভেবে আমার আইপি অ্যাড্রেস কীভাবে পরীক্ষা করবে,,,
ham,আমি জানি! বিরক্তিকর বৃদ্ধ মানুষ। আমার মা ছিলেন এমন,,,
ham,তুমি মিথ্যা না বলাই ভালো। আবার আমিই সবসময় রসিকতা করি...,,,
ham,চিন্তা করো না। আমার মনে হয় সে ব্যস্ত।,,,
ham,,,,
spam,গবেষণা বিশেষ্যের বহুবচন কী?,,,
spam,,,,
ham,রাতের খাবার খেতে যাচ্ছি। পরে তোমাকে মেসেজ করছি।,,,
ham,,,,
ham,আমি ঠিক আছি কারণ আমি দুটি নতুন জিনিস চেষ্টা করতে পছন্দ করি। কিন্তু আমি তোমাকে ভয় পেয়েছিলাম। কারণ তুমি খুব জোরে বলেছিলে না।,,,
spam,,,,
ham,ভদ্রলোক! আমরা তোমার সাথে যোগাযোগ করার চেষ্টা করছি। গত সপ্তাহান্তের ড্রতে দেখা যাচ্ছে যে তুমি গ্যারান্টিযুক্ত £১০০০ পুরস্কার জিতেছ। ০৯০৬৪০১২১৬০ নম্বরে কল করুন। দাবি কোড K52। বৈধ মাত্র ১২ ঘন্টা। ১৫০ppm,,,
ham,"ওহ, তোমার বাক্যটি খুব আনুষ্ঠানিক... যাই হোক, আমিও ঠিক আছি, কারণ আমি খুব বেশি খাচ্ছি এবং ওজন বাড়িয়ে দিচ্ছি... হাহা... তাহলে বিশেষ কিছু ঘটেছে?",,,
ham,,,,
ham,"আমি যখন আমার কেবিনে প্রবেশ করলাম তখন আমার পিএ বললেন, ''শুভ জন্মদিন বস!!''। আমার বিশেষ অনুভূতি হচ্ছিল। সে আমাকে ৪টা দুপুরের খাবারের জন্য অনুরোধ করেছিল। দুপুরের খাবারের পর সে আমাকে তার অ্যাপার্টমেন্টে আমন্ত্রণ জানিয়েছিল। আমরা সেখানে গিয়েছিলাম।",,,
ham,,,,
ham,তুমি একজন বিজয়ী তোমাকে বিশেষভাবে নির্বাচিত করা হয়েছে। তুমি ২ জন £১০০০ অথবা ৪* ছুটি পাবে (ফ্লাইট ইনকর্পোরেটেড)। লাইভ অপারেটরের সাথে কথা বলো ২ জন দাবি করো ০৮৭১২৭৭৮১০৯১০p/মিনিট (১৮+),,,
ham,,,,
spam,"ভালো! হ্যাঁ, আমাদের শুক্রবার কথা বলতে হবে - টরটিলার জন্য ডিম-আলু অনুপাত প্রয়োজন!",,,
ham,,,,
ham,হুম...আমার চাচা আমাকে জানিয়েছেন যে তিনি সরাসরি স্কুলের খরচ পরিশোধ করছেন। তাই দয়া করে খাবার কিনুন।,,,
ham,,,,
ham,ব্যক্তিগত! আপনার ২০০৪ সালের ০৭৭৪২৬৭৬৯৬৯ নম্বরের অ্যাকাউন্ট স্টেটমেন্টে ৭৮৬টি অপ্রয়োজনীয় বোনাস পয়েন্ট দেখানো হয়েছে। দাবি করতে ০৮৭১৯১৮০২৪৮ নম্বরে কল করুন আইডেন্টিফায়ার কোড: ৪৫২৩৯ মেয়াদ শেষ,,,
ham,"জরুরি! আপনার মোবাইল নম্বর ৫/৯/০৩ তারিখে £২০০০ বোনাস কলার পুরস্কার প্রদান করা হয়েছে। আপনার সাথে যোগাযোগ করার জন্য এটি আমাদের শেষ প্রচেষ্টা! ল্যান্ডলাইন 09064019788 BOX42WR29C, 150PPM থেকে কল করুন",,,
ham,এখানে আমার নতুন ঠিকানা - আপেল এবং জোড়া এবং সমস্ত ম্যালার্কি,,,
ham,আজকের Voda নম্বরগুলি 7548 এর শেষে $350 পুরস্কার পাওয়ার জন্য নির্বাচিত হয়েছে। যদি আপনার কোনও মিল থাকে তবে দয়া করে 08712300220 এ কল করুন দাবি কোড 4041 স্ট্যান্ডার্ড রেট অ্যাপ উদ্ধৃত করে,,,
ham,আমি আজ সাও মু যাচ্ছি। মাত্র 12 টায় করা হবে,,,
ham,ÌÏ অনুমান করুন যে Ì_' কেনা শেষ করার সময়?,,,
ham,"ভালো জিনিস, হবে।",,,
ham,"শুধুমাত্র আপনার জানার জন্য, ইটুন্ডে এখনও টাকা পাঠায়নি। আমি তাকে একটি টেক্সট পাঠিয়েছি যাতে পাঠানোর ঝামেলা না হয়। তাই শেষ, আপনার কোনও কিছুতে নিজেকে জড়িত করতে হবে না। আমার প্রথমেই আপনার উপর কিছু চাপিয়ে দেওয়া উচিত ছিল না তাই এর জন্য, আমি ক্ষমা চাইছি।",,,
spam,তুমি কি ঘরে আছো?,,,
spam,এই মেয়ে। কেমন আছো? আশা করি তুমি আমাকে ভালো করে ডেল আর বেক করবে! আবার অনেক দিন ধরে না! লুসিএক্সএক্স থেকে আমাকে একটু ফোন করো,,,
ham,কে..কে:) খরচ কত?,,,
ham,আমি বাড়িতে আছি।,,,
ham,"প্রিয়, আগামীকাল ফোন করবো। থাকার ব্যবস্থা করুন।",,,
spam,প্রথমে আমার প্রশ্নের উত্তর দাও।,,,
spam,"সানশাইন কুইজ উইকলি প্রশ্ন! যদি তুমি জানো যে অ্যালগারভ কোন দেশে আছে, তাহলে একটি সেরা সনি ডিভিডি প্লেয়ার জিতো? 82277 নম্বরে উত্তর পাঠাও। £1.50 SP:Tyrone",,,
ham,আজ রাতে দুজনের সাথে শয়ন করতে চান? আপনার দুজনের সাথে সরাসরি ডগিংয়ের আসল অবস্থান পাঠাতে চান? যুক্তরাজ্যের বৃহত্তম ডগিং নেটওয়ার্কে যোগ দিন Txting GRAVEL থেকে 69888 নম্বরে! Nt. ec2a. 31p.msg@150p,,,
spam,আমি কেবল msn পেয়েছি। এটি yijue@hotmail.com,,,
ham,সে সেখানে আছে। তুমি ফোন করে তার সাথে দেখা করো,,,
ham,না না। আমি কার্যকলাপের আগে সব রুম চেক করব,,,
ham,চ্যাট এসভিসি থেকে আর কোনও বার্তা পাবেন না। বিনামূল্যে হার্ডকোর পরিষেবার জন্য টেক্সট করুন: 69988 এই নম্বরে যান যদি আপনি কিছু না পান তবে আপনার অবশ্যই আপনার বয়স যাচাই করতে হবে। আপনার নেটওয়ার্কের সাথে বয়স যাচাই করুন এবং আবার চেষ্টা করুন,,,
ham,আমি বুঝতে পেরেছি... আমি টাইপ করতে অলস... আমি Ì_ লেখায় ভুলে গেছি... আমি একটি থলি দেখেছি কিন্তু ভালো লাগছে না...,,,
ham,"কে, পথে আমাকে টেক্সট করুন",,,
ham,"স্যার, আপনার মেইলের জন্য অপেক্ষা করছি।",,,
ham,"একটি swt চিন্তা: \ছোট ছোট কাজ করতে করতে কখনই ক্লান্ত হবেন না 4 জন প্রিয় মানুষ..\"" কারণ.. মাঝে মাঝে সেই ছোট জিনিসগুলি তাদের হৃদয়ে সবচেয়ে বড় অংশ দখল করে.. ঈশ্বর ni8""",,,
ham,আমি জানি আপনি। আপনি কি পিছনের অংশটি খুলতে পারেন?,,,
ham,"হ্যাঁ, দেখা হচ্ছে না",,,
ham,আমাদের জন্য ক্লাস নেওয়া কর্মীর নাম কী?,,,
ham,"FreeMsg আপনি আমার টেক্সটের উত্তর দেননি কেন? আমি র‍্যান্ডি, সেক্সি, মহিলা এবং স্থানীয়ভাবে বসবাসকারী। আপনার কাছ থেকে শুনতে ভালো লাগছে। Netcollex Ltd 08700621170150p প্রতি বার্তা উত্তর শেষ পর্যন্ত থামুন",,,
ham,উম্মা। চেক ইন করার পর ফোন করব। আমাদের জীবন কাতার থেকে শুরু হবে তাই দয়া করে খুব প্রার্থনা করুন।,,,
ham,কে.. আমি আমার যোগাযোগ মুছে ফেলেছি তাই কেন?,,,
ham,সিন্ধু বিড়লা সফটে চাকরি পেয়েছে ..,,,
ham,মদ বইছে এবং আমি আর কখনও যাচ্ছি না ..,,,
ham,"হ্যাঁ, ধন্যবাদ সিনেমা ভালো কারণ দরকার নেই 2 প্লাজা নিচে যান।",,,
ham,ঠিক আছে... তোমার সাধারণ উত্তর...,,,
ham,তোমার অনুরোধ অনুসারে 'মেলে মেলে (ওরু মিন্নামিনুনগিন্তে নুরুঙ্গু ভেট্টাম)' সব কলারদের জন্য তোমার কলারটিউন হিসেবে সেট করা হয়েছে। তোমার বন্ধুদের কপি করতে *9 টিপুন Callertune,,,
ham,"তুমি সর্বত্র ধুলো, মেঝেতে, জানালায়, এমনকি আমার শার্টেও। আর মাঝে মাঝে যখন আমি মুখ খুলি, তখন তুমিই সবকিছু বেরিয়ে আসে। আমি তোমাকে ছাড়া আমার পৃথিবীর স্বপ্ন দেখি, তারপর আমার অর্ধেক কাজও শেষ হয়ে যায়। আমার জন্য আনন্দের সময়, অনেক টিভি শো দেখব। কিন্তু আমার মনে হয় বৃষ্টি, শিলাবৃষ্টি এবং কুয়াশার মতো সবকিছুর মতোই তোমার অস্তিত্ব থাকা উচিত, এবং যখন আমার এখানে সময় শেষ হয়ে যাবে, তখন তুমি আর আমি এক হয়ে যাব।",,,
ham,"আহ! ঠিক আছে, তুমি কি কাজে আছো?",,,
spam,আমি এখন আমার বাড়ি ছেড়ে যাচ্ছি...,,,
ham,"হ্যালো, আমার ভালোবাসা। তুমি কি করছো? আজ তুমি কি সেই সাক্ষাৎকারে এসেছো? তুমি কি খুশি? তুমি কি ভালো ছেলে? তুমি কি আমার কথা ভাবো? তুমি কি আমাকে মিস করছো?",,,
ham,গ্রাহক পরিষেবা ঘোষণা। তোমার জন্য নববর্ষের ডেলিভারি অপেক্ষা করছে। ডেলিভারির ব্যবস্থা করতে এখনই 07046744435 নম্বরে কল করুন,,,
spam,"আপনি একজন বিজয়ী, আপনাকে বিশেষভাবে নির্বাচিত করা হয়েছে। 2 £1000 নগদ অথবা 4* ছুটি (ফ্লাইট ইনকর্পোরেটেড) পাবেন। একজন লাইভ অপারেটরের সাথে কথা বলুন 2 দাবি করুন 0871277810810",,,
ham,আমার জন্য নিজেকে নিরাপদ রাখুন কারণ আমার তোমাকে প্রয়োজন এবং আমি ইতিমধ্যেই তোমাকে মিস করছি এবং যারা বাস্তব জীবনে তোমাকে দেখে তাদের আমি ঈর্ষা করি।,,,
ham,আমার বাবা-মায়ের জন্য নতুন গাড়ি এবং বাড়ি। :) আমার হাতে এখন নতুন চাকরি :),,,
ham,আমি তোমার প্রেমে পড়েছি।,,,
ham,তোমার সাথে কাটানো প্রতিটি দিনই আমার জন্য আনন্দের। তুমি আমাকে খুব খুশি করো।,,,
ham,-দয়া করে STOP bootydelious (32/F) তোমাকে তার বন্ধু হতে আমন্ত্রণ জানাচ্ছে। হ্যাঁ-434 অথবা NO-434 উত্তর দিন তাকে দেখুন: www.SMS.ac/u/bootydelious STOP? STOP FRND পাঠান 62468 নম্বরে,,,
ham,"BangBabes তোমার অর্ডার আসছে। তোমাকে একটি Service Msg 2 download UR কন্টেন্ট পেতে হবে। যদি না পাও, তাহলে GoTo wap. bangb. tv UR মোবাইল ইন্টারনেট/সার্ভিস মেনুতে",,,
ham,আমি ইতিমধ্যেই তোমার সমস্ত পয়েন্ট e cultures মডিউলে রেখেছি।,,,
ham,জরুরি! আমরা তোমার সাথে যোগাযোগ করার চেষ্টা করছি। গত সপ্তাহান্তের ড্র দেখায় যে তুমি গ্যারান্টি সহ å£900 পুরস্কার জিতেছ। 09061701939 নম্বরে কল করো। দাবি কোড S89। বৈধতা মাত্র 12 ঘন্টা,,,
ham,"হাই বন্ধু, আমাদের প্রিয়জনের সাথে ভুল বোঝাবুঝি এড়াতে কোনটি সবচেয়ে ভালো উপায়?",,,
ham,"দারুন পালানো। ব্রিজটা আমার খুব পছন্দের, কিন্তু ওর লেগারটা দরকার। দেখা হবে তোমায়",,,
ham,"হ্যাঁ :)এটা একেবারেই খারাপ :)ক্লার্ক, আর একদমই নষ্ট।",,,
ham,"স্যার, আমার AXIS BANK অ্যাকাউন্ট নম্বর এবং ব্যাঙ্কের ঠিকানা দরকার।",,,
ham,"হুমম.. ধন্যবাদ, আমার সময় আছে, যাওয়ার জন্য... হ্যাঁ, ৪টা ফ্রি যেতে পারি... আমি তোমাকে ফোন করে আলোচনা করবো লিয়াও...",,,
ham,আপনি পরে কখন আসবেন?,,,
ham,"ব্লাডি হেল, বিশ্বাস হচ্ছে না তুমি আমার পদবি ভুলে গেছো মি.। আমি তোমাকে একটা ইঙ্গিত দিচ্ছি, এটা স্প্যানিশ এবং m দিয়ে শুরু হচ্ছে...",,,
ham,"আচ্ছা, আমি এখন আমার স্নান শেষ করব। শুভ রাত্রি কাটাও।",,,
ham,কার্লোস ফোন করতে পারলে টাকা পেলে আমাকে জানাও,,,
ham,তুমি এখনও মলে যাচ্ছ?,,,
ham,"দেখো আমার বন্ধুরা পুরো শো জুড়েই থাকবে এবং ~ <#> পর্যন্ত ফিরে আসবে না, তাই নির্দ্বিধায় এগিয়ে যান এবং ঐ $ <#> মূল্যের সিগারেট খান",,,
ham,তাকে টেক্সট করুন। যদি সে উত্তর না দেয় তাহলে আমাকে জানাও যাতে আমি তাকে লগ ইন করতে পারি,,,
ham,হাই! তুমি এইমাত্র মণীষা ভি-এর সাথে কথা বলেছ। আমরা জানতে চাই তুমি অভিজ্ঞতায় সন্তুষ্ট কিনা। হ্যাঁ অথবা না দিয়ে টোল ফ্রি উত্তর দাও।,,,
ham,"তুমি টাকার প্রস্তাব দিয়ে আমার আশা জাগিয়ে তুলেছ। আমার খুব প্রয়োজন। বিশেষ করে যখন মাসের শেষ ঘনিয়ে আসে এবং আমার পড়াশোনায় ব্যাঘাত ঘটে। যাই হোক, আমার ৮ম সপ্তাহান্ত আছে",,,
ham,হাহাহা না। তুমি আমাকে বিশ্বাস করতে পারো।,,,
ham,ঠিক আছে। আমি একজন ভদ্রলোক এবং তোমার সাথে মর্যাদা ও শ্রদ্ধার সাথে আচরণ করব।,,,
ham,"সে করবে, তোমরা সবাই?",,,
ham,কিছুই ভালো হচ্ছে না। বিদায়,,,
ham,হ্যালো সুদর্শন! তুমি কি সেই চাকরি খুঁজে পাচ্ছ? অলস হচ্ছ না? মায়ের জন্য সেই জাল ফিরে পেতে কাজ করছো? আমার ছেলেটা এখন কোথায়? সে কি আমাকে মিস করে?,,,
ham,"হা হা দারুন, এক মিনিটের মধ্যে চলে আসো",,,
ham,দয়া করে আমাদের গ্রাহক পরিষেবা প্রতিনিধিকে ফ্রিফোন ০৮০৮ ১৪৫ ৪৭৪২ নম্বরে সকাল ৯টা থেকে রাত ১১টার মধ্যে কল করুন কারণ আপনি নিশ্চিতভাবে ১০০০ পাউন্ড নগদ অথবা ৫০০০ পাউন্ড পুরস্কার জিতেছেন!,,,
ham,আপনার কি ক্রিসমাস রেডিও টাইম আছে? না হলে আমি এখনই পাবো,,,
ham,আমি এখনই বাড়ি পৌঁছেছি। আমি প্রথমে স্নান করতে যাব। কিন্তু আমার বোন নেট ব্যবহার করে তোমাকে বলবে কখন সে কাজ শেষ করবে...,,,
ham,আপনি কি যথেষ্ট অনন্য? ৩০শে আগস্ট থেকে জেনে নিন। www.areyouunique.co.uk,,,
ham,আমি দুঃখিত। আমি এমন লোকদের দলে যোগ দিয়েছি যারা যোগাযোগ রাখে না। তুমি আমার কাছে অনেক কিছু। তুমি সবসময় বন্ধু ছিলে এমনকি অনেক ব্যক্তিগত খরচেও। তোমার সপ্তাহটা দারুন কাটুক। |,,,
spam,হাই :) অবশেষে আমি কোর্সটি সম্পন্ন করেছি :),,,
ham,এটি নিজেই বন্ধ হয়ে যাবে। তবে আমি তাকে এমন একজনের সাথে থাকার পরামর্শ দিচ্ছি যে প্রতিটি মলের জন্য অর্থ প্রদান করতে সক্ষম হবে।,,,
spam,কেমন আছো? আশা করি তুমি নতুন স্কুল বছরের জন্য স্থির হয়ে গেছো। তোমার ৮ম দিনের শুভেচ্ছা রইলো,,,
ham,"গুড মিস্টার, তোমার দিনটা ভালো কাটুক",,,
ham,তুমি কি সেই ব্যক্তির গল্প শুনেছো,,,
ham,"তোমার হ্যামস্টার কি মারা গেছে? আরে, তাই তো, আমি তোমার সাথে দুপুর ১ টায় দেখা করবো অর্চার্ড মিস্টার?",,,
ham,"হাই, কেট, তোমার সন্ধ্যা কেমন কাটছে? আশা করি আগামীকাল তোমার সাথে একটু দেখা করতে পারবো কিন্তু আমার রক্তাক্ত বেবিজন্টেট! যদি পারো তাহলে আবার টেক্সট করো। :) xxx",,,
ham,"পাওয়া গেছে, ENC &lt;#&gt;, তুমি কোথায়?",,,
ham,আমি তোমাকে &lt;#&gt; টাকা পাঠিয়েছি,,,
ham,"হ্যালো ডার্লিন, আমি এখন কলেজ শেষ করেছি, তাই তুমি যদি ভালোবাসো তাহলে আমাকে টেক্সট করো কেট xxx",,,
spam,তোমার অ্যাকাউন্টে INR সফলভাবে রিফিল করা হয়েছে . তোমার কেরালা সার্কেল প্রিপেইড অ্যাকাউন্ট ব্যালেন্স Rs &lt;DECIMAL&gt; । তোমার লেনদেন আইডি KR &lt;#&gt; ।,,,
ham,শুভ সকাল ঘুমন্ত গা।,,,
ham,তুমি আমাকে ১১ টায় ফোন করো ঠিক আছে।,,,
ham,"আমি যতক্ষণ না পর্যন্ত এরিকসন কিনতে পারি, ঠিক ততক্ষণ পর্যন্ত বলো...",,,
ham,"আমি যখন আমার কেবিনে ঢুকলাম, তখন আমার পিএ বলল, ""শুভ জন্মদিন বস!!""। আমার বিশেষ অনুভূতি হচ্ছিল। সে আমাকে ৪টা দুপুরের খাবার চাইল। দুপুরের খাবারের পর সে আমাকে তার অ্যাপার্টমেন্টে আমন্ত্রণ জানালো। আমরা সেখানে গেলাম।",,,
spam,"আচ্ছা, সোজা কথা",,,
ham,তুমি আজই আমাদের সাথে যোগাযোগ করো &lt;DECIMAL&gt; অথবা বিল ফেরত দাও,,,
ham,উভয় :) আমি অনেক কাজ করি তাই প্রস্তুত হও!,,,
ham,"কি খবর ভাই, আশা করি তোমার বিরতি দারুন হয়েছে। সেমিস্টারটা ফলপ্রসূ হোক।",,,
ham,বাড়িতে যাতে আমরা সবসময় আড্ডা দিতে পারি,,,
ham,K:)k:)ভালো:)ভালো পড়াশুনা করো।,,,
ham,হ্যাঁ... কেমন লাগছে Ì_ না লেহ...,,,
ham,দারুন লাগছে! তুমি এখন বাড়িতে আছো?,,,
ham,অবশেষে তোমার ভবিষ্যদ্বাণী অনুযায়ী ম্যাচ ড্রয়ের দিকে এগোচ্ছে।,,,
ham,ক্লান্ত। গত কয়েক রাত ধরে আমি ভালো ঘুমাইনি।,,,
spam,সহজে নির্বাচিত হওয়া মানে ভালোই হয়েছে..,,,
ham,,,,
ham,আমার ৩রা মার্চ পরীক্ষা দিতে হবে,,,
ham,,,,
ham,"হ্যাঁ, তোমার উচিত। আমার মনে হয় তুমি এখন তোমার জিটি এটিএম ব্যবহার করে রেজিস্ট্রেশন করতে পারো। নিশ্চিত নই, তবে যদি থাকে তাহলে আমি আমাকে জানাতে পারি। কিন্তু যখন তুমি নিশ্চিত হও যে তুমি প্রস্তুত।",,,
ham,,,,
ham,"ঠিক আছে, সমস্যা নেই। তোমার সময় নাও।",,,
ham,,,,
ham,উবান্দু নামক একটি অপারেটিং সিস্টেম আছে যা হার্ড ডিস্কে ইনস্টল না করেই চলবে... তুমি সেই অপারেটিং সিস্টেম ব্যবহার করে সিস্টেমের গুরুত্বপূর্ণ ফাইল কপি করে মেরামতের দোকানে দিতে পারো..,,,
spam,,,,
ham,"দুঃখিত, আমি পরে ফোন করব",,,
ham,"তুমি বলো লেহ... অবশ্যই কিছুই হয়নি লার। বলছি না ভি রোমান্টিক, একটু শুধু লার। আমি ধন্যবাদ, দৃশ্য এত সুন্দর না লেহ।",,,
ham,,,,
ham,"২০০৪ সাল থেকে ৫০০টি নতুন মোবাইল, অবশ্যই যেতে হবে! টেক্সট: নোকিয়া নম্বর: ৮৯৫৪৫ এবং আজই তোমারটি সংগ্রহ করো! মাত্র £১ থেকে শুরু করে",,,
spam,আমাকে ফোন করলে সত্যিই খুশি হব। শুধু কথা বলার জন্য কারো প্রয়োজন।,,,
ham,"তুমি কি শীঘ্রই তোমার স্বপ্নের সঙ্গীর সাথে দেখা করবে? তোমার ক্যারিয়ার কি দ্রুত শুরু হচ্ছে? 2 বিনামূল্যে খুঁজে বের করো, HORO লিখে তোমার তারকা চিহ্ন, যেমন HORO ARIES",,,
ham,হে কোম্পানি এলামা পো মুদিয়াধু।,,,
ham,"জীবন শিক্ষকের চেয়েও কঠোর... কারণ শিক্ষক পাঠ শেখান এবং তারপর পরীক্ষা পরিচালনা করেন, কিন্তু জীবন প্রথমে পরীক্ষা পরিচালনা করেন এবং তারপর পাঠ শেখান। শুভ সকাল। . .",,,
spam,প্রিয় শুভ সকাল এখন শুধু আমিই উঠেছি,,,
ham,গান্ধীপুরমে নেমে হেঁটে কাট রাস্তা পার হও। ডান দিকে &lt;#&gt; রাস্তার রাস্তা এবং প্রথমে ডান দিকে মোড় নাও।,,,
spam,"প্রিয়, আমরা আমাদের রাবারের জায়গায় যাচ্ছি",,,
ham,"দুঃখিত, ব্যাটারি শেষ হয়ে গেছে, হ্যাঁ, আমি এখানে আছি",,,
ham,হ্যাঁ:) এখানে কর্মক্ষেত্রে টিভি সবসময় পাওয়া যায়..,,,
spam,,,,
ham,"আজই টেক্সট করে কাউকে সেক্সি করে দেখা করো। তুমি ডেট খুঁজে পেতে পারো অথবা এমনকি ফ্লার্ট করতে পারো, এটা তোমার কাছেই আছে। মাত্র ১০টায় ৪ নম্বরে যোগদান করো। নাম এবং বয়স দিয়ে উত্তর দাও যেমন স্যাম ২৫। ১৮ -msg recd@thirtyeight pence",,,
ham,আমি এটা প্রিন্ট করেছি ওহ। তাই <#> উপরে এসো,,,
ham,,,,
ham,অথবা একই রাস্তার বাস স্টপে একটু কাছে আসো,,,
ham,,,,
ham,তুমি কোথায়? কখন এখানে পৌঁছাবে?,,,
ham,,,,
ham,"নতুন তত্ত্ব: তর্ক পরিস্থিতি জিতে, কিন্তু ব্যক্তিকে হারিয়ে। তাই তোমার বন্ধুদের সাথে তর্ক করো না শুধু... . . . তাদের লাথি মেরে বলো, আমি সবসময় সঠিক!",,,
ham,, the person is definitely special for u..... But if the person is so special, why to miss them," just Keep-in-touch\"" gdeve.."""
ham,U 447801259231 আমার একজন গোপন ভক্ত আছে যে U-এর সাথে যোগাযোগ করতে চাইছে - তারা কে R* প্রকাশ করছে তা খুঁজে বের করো যারা তোমাকে এত বিশেষ মনে করে - 09058094597 নম্বরে কল করো,,,
ham,আগামীকাল আমার ল্যাপটপ কেসের চূড়ান্ত শুনানির জন্য যাতে আমি পারব না।,,,
ham,"প্লিজস ঠিক আছে, শুভরাত্রি। ঘুম থেকে ওঠার আগেই আমি ঠিক করে রাখবো। তোমার খুব অভাব বোধ হচ্ছে, ভালো ঘুমাও।",,,
ham,,,,
ham,"অভিনন্দন, তোমাকে ৫০০টি সিডি ভাউচার অথবা ১২৫টি উপহার নিশ্চিত এবং বিনামূল্যে প্রবেশের জন্য ১০০ সপ্তাহ সময় দেওয়া হয়েছে। ৮৭০৬৬ নম্বরে TnCs www.Ldew.com1win150ppmx3age16 নম্বরে TXT MUSIC পাঠাতে হবে।",,,
ham,,,,
ham,রঞ্জিত ক্যাল ড্রপ ডিরাজ এবং দীপক ৫ মিনিট অপেক্ষা করেছেন,,,
ham,"আপনার প্রিয় বন্ধুরা যখন আপনার সাথে রাগ করেছেন, তখন এটিকে গুরুত্ব সহকারে নেননি.. কারণ রাগ করা সবচেয়ে শিশুসুলভ এবং গভীর স্নেহ, যত্ন এবং ভালোবাসা দেখানোর আসল উপায়!.. কেটোডা মান্ডা... দিনটি শুভ হোক দা।",,,
ham,,,,
ham,তুমি কি করছো? কেমন আছো?,,,
ham,,,,
ham,"আপস, যা ৩ দিনও, এবং শিপিং কোম্পানি ২ সপ্তাহ সময় নেয়। অন্য উপায় হল USPS, যা এক সপ্তাহ সময় নেয় কিন্তু যখন এটি বিলম্বিত হয় তখন আপনাকে আপনার জিনিসপত্র পেতে নিপোস্টকে ঘুষ দিতে হতে পারে।",,,
ham,,,,
spam,"আমি ফিরে এসেছি, জানি কখন তুমি প্রস্তুত",,,
ham,যদিও তুমি ফিরে আসার আগে এটা শেষ হবে বলে আশা করো না কারণ আমি এখনই বাইরে যাচ্ছি,,,
ham,"হুমমম, খুব সুস্বাদু বাবু... সুজির জন্য দারুন একটা ধাক্কা",,,
ham,তুমি কোথায়? আমার তোমাকে দরকার...,,,
ham,আমাদের ভিডিও হ্যান্ডসেটের অফারের উত্তরে আমরা তোমার সাথে যোগাযোগ করার চেষ্টা করেছি? ৭৫০ যেকোনো নেটওয়ার্ক মিনিট? সীমাহীন টেক্সট? ক্যামকর্ডার? উত্তর দিন অথবা ০৮০০০৯৩০৭০৫ নম্বরে কল করুন এখনই,,,
ham,আমি একটা মিনি গাড়ির পাশে পার্ক করেছি!!!! তুমি আজ কখন আসছো মনে হয়?,,,
ham,হ্যাঁ,,,
ham,"যাই হোক, আমি এখন নিজেই কেনাকাটা করতে যাচ্ছি। কারণ আমার বোন এখনও কাজ শেষ করেনি। তুমি বিরক্ত করো না।",,,
ham,আমার নম্বর লুটনে ০১২৫৬৯৮৭৮৯ যদি তুমি আশেপাশে থাকো তাহলে আমাকে ফোন করো! H*,,,
spam,,,,
ham,"আরে, আমি সত্যিই খুব উত্তেজিত, আমাকে নগ্ন দেখতে বা চ্যাট করতে চাই, 69698 নম্বরে টেক্সট করুন, দুপুর 150 টায় চার্জ করা হবে, সাবস্ক্রাইব করার জন্য টেক্সট করুন, স্টপ করুন 69698",,,
ham,তুমি কেন আমাদের সাথে আসবে না?,,,
ham,,,,
spam,একই কথা। তাহলে কি তুমি একটা ভ্রমণের পরিকল্পনা করতে চাও,,,
ham,,,,
ham,"এখনও নিশ্চিত নই, এখনও তাকে ধরার চেষ্টা করছি",,,
spam,তোমার রিংটোন পরিষেবা পরিবর্তিত হয়েছে! 25টি বিনামূল্যে ক্রেডিট! এখনই কন্টেন্ট বেছে নিতে club4mobiles.com এ যান! থামুন? CLUB STOP লিখে 87070 নম্বরে টেক্সট করুন। 150p/wk Club4 PO Box1146 MK45 2WT,,,
ham,ইভো। আমাকে শুধু ফ্ল্যাশ ডাউনলোড করতে হয়েছিল। ঈর্ষান্বিত?,,,
ham,,,,
ham,রিংটোন ক্লাব: প্রতি সপ্তাহে আপনার মোবাইলে UK সিঙ্গেলস চার্ট পান এবং যেকোনো উচ্চমানের রিংটোন বেছে নিন! এই বার্তাটি বিনামূল্যে।,,,
ham,"মুতে আসুন, আমরা আমাদের মাদক পরিস্থিতি সমাধান করছি",,,
ham,"রাত শেষ হয়ে গেছে অন্য দিনের জন্য, সকাল এসেছে বিশেষ উপায়ে। তুমি যেন রৌদ্রোজ্জ্বল রশ্মির মতো হাসো এবং তোমার দুশ্চিন্তা নীল নীল উপসাগরে ফেলে দাও।",,,
ham,এইচএমভি বোনাস স্পেশাল ৫০০ পাউন্ডের আসল এইচএমভি ভাউচার জিততে পারো। শুধু ৪টি সহজ প্রশ্নের উত্তর দাও। এখনই খেলো! এইচএমভি পাঠাও ৮৬৬৮৮ নম্বরে আরও তথ্য: www.100percent-real.com,,,
spam,"আমার মনে হয়, ১টি গাড়ি নিতে পারো",,,
ham,কোন আপত্তি নেই। আমার প্রেমিক আসছে না।,,,
ham,ধন্যবাদ...,,,
ham,রবকে বলো থিয়েটারে তার প্রেমিককে মারতে,,,
ham,"অসাধারণ, আমি কিছুক্ষণ পরেই দেখা করব",,,
ham,এখনই পাঠিয়েছি। তাহলে তুমি কোন ধরণের খাবার পছন্দ করো?,,,
ham,সব শেষ? সব হস্তান্তর? উদযাপন এখনও পুরোদমে চলছে?,,,
ham,তোমাকে হাতিয়ার বলা হয়েছে?,,,
ham,"\তুমি যদি কাউকে মিস করো, তাহলে সেই ব্যক্তিটি অবশ্যই তোমার জন্য বিশেষ..... কিন্তু যদি সেই ব্যক্তিটি এত বিশেষ হয়, তাহলে কেন তাদের মিস করবেন শুধু যোগাযোগ রাখুন\"" gdeve..""",,,
ham,ঠিক আছে। আমি টাকা চেয়েছিলাম কতদূর?,,,
ham,ঠিক আছে...,,,
ham,"হ্যাঁ, আমার মনে হয় আমার স্বাভাবিক ছেলেটি গত রাত থেকে এখনও অজ্ঞান, যদি তুমি কাউকে পাও তাহলে আমাকে জানাও, আমি ভেঙে পড়ব।",,,
ham,"কে, আমি আজ রাতে আসতে পারি, তারপর যদি আমার ক্লাস তাড়াতাড়ি ছুটি হয়",,,
ham,ঠিক আছে..,,,
spam,"হাই বাবু, আমি আমার বান্ধবীর সাথে ঘুরছি, তুমি কী করছো? আমাকে ফোন করো।",,,
ham,আর যদি ঠিক থাকে তাহলে ঘন্টাখানেক ঘরে বসে থাকো অথবা এই ফোনে আমাকে ফোন করো এখন জেনি xxx কে ভালোবাসো,,,
spam,"আমার জীবন আমার কাছে অনেক কিছু, কারণ আমি আমার জীবনকে ভালোবাসি, কারণ আমি আমার জীবনের মানুষদের ভালোবাসি, পৃথিবী তাদের বন্ধু বলে ডাকে, আমি তাদের আমার পৃথিবী বলি :-).. জি:-)..",,,
ham,"প্রিয়, টোনাইটে মেইল ​​করবো। রাস্তায় ব্যস্ত, তোমাকে টোনাইটে আপডেট করবো। সবকিছু ঠিকঠাক দেখাচ্ছে। বরুণনাথু এডুকুকায়ী রাক্ষস ওল্লু। কিন্তু সত্যিকার অর্থে ভালো।",,,
ham,আরে তুমি গৌতমকে তোমার নাম বলেছিলে আহ?,,,
ham,যদি তুমি তাকে খুঁজে পেয়েছো? আমার মনে হচ্ছে খুব বোকা দা ভি ক্যাম কাজ করছিল।,,,
ham,উফ। ৪ বুঝতে পেরেছি।,,,
ham,তুমি কি এতটাই ব্যস্ত,,,
ham,আমি ভুল করে বার্তাটি মুছে ফেলেছি। দয়া করে আবার পাঠান।,,,
ham,"টি-মোবাইল গ্রাহক, তুমি এখন তোমার বিনামূল্যের ক্যামেরা ফোন আপগ্রেড এবং তোমার আনুগত্যের জন্য একটি পে অ্যান্ড গো সিম কার্ড দাবি করতে পারো। ০৮৪৫ ০২১ ৩৬৮০ নম্বরে কল করুন। অফারটি ২৮শে ফেব্রুয়ারী শেষ হবে। নিয়ম ও শর্তাবলী প্রযোজ্য",,,
ham,যদি না এমন পরিস্থিতি হয় যেখানে তুমি যাও GURL আরও উপযুক্ত হবে,,,
ham,"আমাকে কষ্ট দাও... আমাকে জ্বালাতন করো... আমাকে কাঁদাও... কিন্তু আমার জীবনের শেষের দিকে যখন আমি মারা যাব, দয়া করে আমার কবরে একটি গোলাপ রেখে বলো বোকা আমি তোমাকে মিস করছি.. একটি সুন্দর দিন কাটুক BSLVYL",,,
ham,আমি এখন ফোন ধরতে পারছি না। দয়া করে একটি বার্তা পাঠান,,,
ham,আমাকে কফি খেতে হবে? বিশ্বাস করতে পারছি না যে এটি সপ্তাহের সেই সময়,,,
ham,"অসাধারণ, আমার মনে আছে শেষবার যখন আমরা প্রথমবারের মতো কাউকে ডিজেল দিয়ে উত্তেজিত করেছিলাম :V",,,
ham,"ধুর, এটা সত্যিই মর্মান্তিক এবং ভীতিকর, এক সেকেন্ডের জন্যও কল্পনা করতে পারছি না। রাতের জন্য বেরিয়ে পড়ুন। তোমার কি মনে হয় এমন কোথাও আছে যেখানে আমি রাতের জন্য দুর্ঘটনার শিকার হতে পারি, ট্যাক্সি ছাড়া?",,,
spam,"ওহ, তোমার ফ্রিজে আরও খাবার আছে! আজ রাতে খাবারের জন্য বাইরে যেতে চান?",,,
ham,সে একজন অসাধারণ অভিনেতা,,,
ham,SMS. ac Blind Date 4U!: Rodds1 যুক্তরাজ্যের Aberdeen থেকে 21/m দূরে। তাকে দেখুন http://img. sms. ac/W/icmb3cktz8r7!-4 না Blind Dates Send HIDE,,,
ham,হ্যাঁ... আমার মনে হয় বুক করা উচিত...,,,
ham,জোস জিজ্ঞাসা করছে তুমি কি দেখা করতে চাও?,,,
ham,হা হা। আমাদের বন্ধুত্ব একটা সুতোয় ঝুলছে কারণ তুমি জিনিস কিনবে না।,,,
ham,"TheMob> আমাদের নতুন কন্টেন্ট, গেমস, টোনস, গসিপ, বেবস এবং স্পোর্টস দেখুন, আপনার মোবাইল ফিট রাখুন এবং মজাদার টেক্সট WAP লিখে 82468 নম্বরে পাঠান",,,
ham,গ্যারেজের চাবি কোথায়? সেগুলো বুকশেলফে নেই,,,
spam,আজ ACCEPT DAY..তুমি আমাকে কি হিসেবে গ্রহণ করো? ভাই বোন প্রেমিক প্রিয়১ সেরা১ ক্লোস১ এলভিব্লেফ্রেন্ড জেস্টফ্রেন্ড কিউটফ্রেন্ড লিফপার্টনার বেলভড সুইটহার্ট বিস্টফ্রেন্ড কোন আরপিএল মানে শত্রু নয়,,,
spam,"আপনি কি বুদ্ধিমান? আমাদের সাপ্তাহিক কুইজে এই সপ্তাহে ২০০ পাউন্ড জিতে নিন, এখনই ৮৫২২২ নম্বরে PLAY লিখে টেক্সট করুন! শর্তাবলী বিজয়ীরা ক্লাব পিও বক্স ৮৪, এম২৬ ৩ইউজেড। ১৬+। জিবিপি১.৫০/সপ্তাহ",,,
ham,সে বলেছে যে তার বন্ধু টাকা পেলে সে আমাকে ফোন করবে কিন্তু সপ্তাহ শেষ হওয়ার আগে সে অবশ্যই কিনবে,,,
ham,"হাই, আমি যেভাবে তোমার সাথে ২ দিন ছিলাম, এটাই স্বাভাবিক উপায় এবং এটাই আসল আমি। তুমি অনন্য এবং আমি আশা করি আমি তোমাকে আমার বাকি জীবন জানবো। আশা করি তুমি খুঁজে পাবে যে কী হারিয়ে গেছে।",,,
ham,তুমি আমার দিনটি তৈরি করেছ। তোমারও দিনটি দারুন কাটুক।,,,
ham,কে.কে:) পোঙ্গালের আগাম শুভেচ্ছা।,,,
ham,"হুমম... মনে হচ্ছে আমরা ৪ কেবি এবং পাওয়ার যোগা করতে পারব... হাহা, জানি না আমরা আর পাওয়ার যোগা করতে পারব না... ধন্যবাদ, ঠিক আছে, ভুলে গেছি লিয়াও...",,,
ham,,,,
ham,"আসলে না বন্ধু, আমার কোন বন্ধু নেই :(",,,
ham,শুধু ডিসেম্বর! তোমার মোবাইল ১১ মাস+ ছিল? তুমি কি বিনামূল্যে সর্বশেষ রঙিন ক্যামেরা মোবাইলে আপডেট করার অধিকারী! ০৮০০২৯৮৬৯০৬ নম্বরে মোবাইল আপডেট কো-তে বিনামূল্যে কল করো,,,
spam,"কফি কেক, আমার মনে হয়...",,,
spam,,,,
ham,"তোমাকেও বড়দিনের শুভেচ্ছা, আমি তোমাকে *চুম্বন* ভালোবাসি",,,
ham,আরে... আমরা কেন x পুরুষদের দেখতে যাব এবং দুপুরের খাবার খাব না... হাহা,,,
ham,তুমি কি লোকেদের বলো আমি একটু l8 হতে যাচ্ছি কারণ দুটি বাস চলে গেছে কারণ সেগুলি পূর্ণ ছিল এবং আমি এখনও ৪ জনের জন্য অপেক্ষা করছি ১. পিট x,,,
ham,এটা দারুন হবে। আমরা গিল্ডে থাকব। ব্রিস্টল রোডে বা অন্য কোথাও দেখা হতে পারে - সপ্তাহান্তে যোগাযোগ করব। আমাদের পরিকল্পনা উড়ে গেছে! সপ্তাহটা ভালো কাটুক,,,
ham,না সমস্যা। কেমন আছো?,,,
ham,,,,
spam,কোন কল নেই..মেসেজ নেই..মিসড কল,,,
ham,,,,
ham,হাই দা:)আজকের ক্লাস কেমন চলছে?,,,
ham,,,,
ham,"আমি বলব এটা একটা ভালো লক্ষণ কিন্তু, আচ্ছা, তুমি জানো মহিলাদের পড়ার ক্ষেত্রে আমার রেকর্ড কত?",,,
ham,,,,
ham,"দারুন, গাড়ি পার্ক করার সময় আমাকে টেক্সট করো",,,
ham,,,,
ham,আমি তোমাকে যে টেক্সটটি পাঠিয়েছি তা পড়ছি। এটা একটা রসিকতা করার জন্য তৈরি। তাই সেই আলোকে এটা পড়ো,,,
ham,,,,
spam,কে.কে:)এপো কে.ভালো সিনেমা।,,,
ham,,,,
ham,হয়তো আমিও বই বের করে তাৎক্ষণিকভাবে ফেরত দিতে পারতাম..? অথবা অন্য কিছু।,,,
ham,প্রতি মিনিটে মাত্র ১ পেন্সে জার্মানিতে ফোন করো! ০৮৪৪ ৮৬১ ৮৫ ৮৫ নম্বর অ্যাক্সেস নম্বরের মাধ্যমে একটি নির্দিষ্ট লাইন থেকে কল করো। কোনও প্রিপেমেন্ট নেই। সরাসরি অ্যাক্সেস!,,,
spam,"আপনার নিয়োগকর্তার কাগজপত্র থেকে আমার ফোন নম্বর চুরি করে আমার গোপনীয়তা লঙ্ঘন করার সাথে সাথেই আমার সাথে আপনার যে কোনও সম্ভাবনা ছিল তা উধাও হয়ে গেল। মোটেও ভালো নয়। দয়া করে আমার সাথে আর যোগাযোগ করবেন না, নাহলে আমি আপনার সুপারভাইজারের কাছে রিপোর্ট করব।",,,
ham,ভ্যালেন্টাইন্স ডে স্পেশাল! আমাদের কুইজে £১০০০ জিতে নিন এবং আপনার সঙ্গীকে জীবনের সেরা ভ্রমণে নিয়ে যান! এখনই GO পাঠান ৮৩৬০০ নম্বরে। ১৫০p/msg rcvd। CustCare: ০৮৭১৮৭২০২০১।,,,
ham,"তা-দাআআআ! আমি বাড়িতে আছি প্রিয়, তুমি কি এখনও জেগে আছো?",,,
ham,দারুন। তাহলে তুমি আগে মদ খাওনি এবং খাওনি কেন?,,,
ham,শুধু ঘুমাচ্ছ..আর সার্ফিং করছি,,,
ham,"দুঃখিত, আমি পরে ফোন করব",,,
ham,তুমি আমাকে ফোন করছো তাই না? আমার ফোনে ফোন করো...,,,
ham,"ঠিক আছে, অনেক ধন্যবাদ।",,,
ham,আমি ধরে নিচ্ছি পোস্টটি এসেছে! তোমার এখন হাজার হাজার টেক্সট আছে! শুভ পড়া। শেষে আমার wiv হ্যালো ক্যারোলিন থেকে আমার প্রিয়। তাকে আশীর্বাদ করুন,,,
ham,তুমি কোথায় লুকিয়ে ছিলে অপরিচিত?,,,
ham,আমি এরকম করতে আগ্রহী নই।,,,
ham,আমার বোন গতকাল birla soft-এ দুটি রাউন্ড পাস করেছে।,,,
spam,গুডনিতে....তাহলে...প্র্যাকটিস চলছে,,,
ham,এটা ইজু। আমি তোমার মেইল ​​দেখেছি। যদি হুইমিং তোমাকে আমার নম্বর না পাঠায়। ডিস,,,
ham,আমার নম্বর কি?,,,
ham,এখন একটা ছোট প্রতিপত্তির সমস্যা।,,,
ham,শ্যাগ পছন্দ? আমিও। আগ্রহী? sextextuk.com txt XXUK SUZY 69876 নম্বরে। প্রতি বার্তায় টেক্সটের দাম 1.50। ওয়েবসাইটে TnC। X,,,
ham,শুধু তোমার খোঁজ নিচ্ছি। জেরেমিয়াকে দেখতে সত্যিই মিস করছি। তোমার মাসটা দারুন কাটছে,,,
ham,"না, তোমাকে সাহায্য করতে পারছি না, আমার কাছে কখনও আইফোন ছিল না",,,
ham,যদি তুমি দেড় ঘন্টার মধ্যে আমার গাড়িতে না থাকো তাহলে আমি চলে যাব,,,
ham,"আজ দুঃখের দিন! যদি আমি কখনও তোমার উপর রাগ করে থাকি, যদি কখনও খারাপ ব্যবহার করি বা তোমাকে আঘাত করি? প্লিজ প্লিজ শুধু নিজেকে থাপ্পড় মার, কারণ এটা তোমার দোষ, আমি মূলত ভালো",,,
ham,তোমরা কি কখনও বুঝতে পেরেছো আমাদের অ্যালকোহলের কতটা প্রয়োজন? জে এবং আমি বোঝার চেষ্টা করছি যে আমরা নিরাপদে গাঁজার জন্য কতটা খরচ করতে পারি,,,
ham,&lt;#&gt; ISH MINUTES ৫ মিনিট আগে ছিল। WTF।,,,
ham,"ফোন করার জন্য ধন্যবাদ। স্যারজি আপনাকে ওনামের শুভেচ্ছা জানাতে ভুলে গেছি। আমি এখানে ভালো আছি এবং একজন বীমা ব্যক্তির সাথে দেখা করার সময় আপনার কথা মনে পড়েছিল। কাতারে আপনার সাথে দেখা ইনশাআল্লাহ। রাকেশ, প্রাক্তন টাটা এআইজি যিনি TISSCO-তে যোগ দিয়েছিলেন, তাইসির।",,,
ham,"অভিনন্দন, আপনাকে ৫০০টি সিডি ভাউচার অথবা ১২৫টি উপহার নিশ্চিত এবং বিনামূল্যে প্রবেশাধিকার। ১০০ সপ্তাহের ড্র txt MUSIC ৮৭০৬৬ টিএনসিতে www.Ldew.com1win150ppmx3age16",,,
ham,আপনার নগদ ব্যালেন্স বর্তমানে ৫০০ পাউন্ড - আপনার নগদ ইন সর্বাধিক করতে এখনই নগদ পাঠান ৮৬৬৮৮ নম্বরে মাত্র ১৫০ পয়সা/বার। CC: 08708800282 HG/Suite342/2Lands Row/W1J6HL,,,
spam,"আমি একজন অভিনেতা। যখন আমি কাজ করি, সন্ধ্যায় কাজ করি এবং দেরিতে ঘুমাই। যেহেতু আমি বর্তমানে বেকার, তাই আমি সবসময় দেরিতে ঘুমাই। যখন তুমি বেকার থাকো, তখন প্রতিদিনই শনিবার।",,,
ham,"হ্যালো! এইমাত্র এখানে এসেছি, সেন্ট অ্যান্ড্রুজ-বয়, অনেক দূর! ঠান্ডা লাগছে। আমি তোমাকে খবর রাখবো",,,
ham,হা হা কুল কুল চিক্কু চিক্কু:-):-DB-),,,
spam,"ওহ ঠিক আছে, কোন সমস্যা নেই..",,,
ham,এখনই অড্রে'র স্ট্যাটাস চেক করো,,,
spam,এখনই ব্যস্ত। নতুন বছরের জন্য কাজ শেষ করার চেষ্টা করছি। অবশেষে তোমার সাথে দেখা করার জন্য আমি অধীর আগ্রহে অপেক্ষা করছি...,,,
ham,"শুভ বিকাল রোদ! সেদিন কেমন হবে? আমরা কি সতেজ এবং বেঁচে থাকতে পেরে খুশি? আমরা কি বাতাসে শ্বাস নিই এবং হাসি? আমি তোমার কথা ভাবি, আমার প্রিয়... সবসময়ের মতো",,,
spam,"আচ্ছা, আমি জানি Z আমার যত্ন নেবে। তাই চিন্তার কিছু নেই।",,,
ham,"এখনই আপডেট করুন - ক্রিসমাস অফার! সর্বশেষ Motorola, SonyEricsson এবং Nokia এবং বিনামূল্যে Bluetooth! Orange-এ ডাবল মিনিট এবং 1000 TXT। 08000839402 নম্বরে MobileUpd8-এ কল করুন অথবা call2optout/F4Q=",,,
spam,"এখানে আপনার ডিসকাউন্ট কোড RP176781। আরও বার্তা পাঠানো বন্ধ করতে, উত্তর দিন। www.regalportfolio.co.uk। গ্রাহক পরিষেবা 08717205546",,,
ham,কোন ইউনিফর্ম? কোথায় পাবেন?,,,
ham,"দারুন, প্রস্তুত হলে আমাকে টেক্সট করুন",,,
ham,"হ্যালো আমার ছেলে ... জি, আমি তোমাকে ইতিমধ্যেই মিস করছি এবং আমি এখনই ঘুম থেকে উঠেছি। আমি চাই তুমি আমার সাথে বিছানায় থাকতে, আমাকে জড়িয়ে ধরো। আমি তোমাকে ভালোবাসি ...",,,
ham,আমি বিছানায়ও তোমাকে নষ্ট করব :),,,
ham,"আমি স্নান করতে যাচ্ছি, আমি তোমাকে পরবর্তীতে বার্তা পাঠাবো <#> মিনিট..",,,
ham,আমি নিশ্চিত না হলে লোকেদের সাথে কথা বলতে পারছি না যদি তারা দাম দিতে রাজি হয় তবে আমি তাদের দিতে পারব। তাই দয়া করে আমাকে বলুন আপনি আসলে কী কিনতে চান এবং আপনি কত দিতে ইচ্ছুক,,,
ham,"আপনার রিংটোন অর্ডারের জন্য ধন্যবাদ, রেফারেন্স T91। তোমাকে প্রতি সপ্তাহে ৪ জিবি পাউন্ড চার্জ করা হবে। তুমি যেকোনো সময় ০৯০৫৭০৩৯৯৯৪ নম্বরে গ্রাহক পরিষেবায় কল করে আনসাবস্ক্রাইব করতে পারো।",,,
ham,কি হয়েছে বলতে পারো?,,,
spam,তুমি আমাকে দেখতে পারতে..আমি তোমাকে চিনতে পারিনি মুখ.:),,,
ham,"আচ্ছা, নতুন বছরে লিন্ডসেতে খুব বেশি কিছু ঘটছে না *হায়* পিটিবোর কিছু বার এবং নীল হেরনের কিছু একটা ঘটছে",,,
ham,রিনু যদি নিয়ে আসে তাহলে আমার পায়েসাম সেখানেই রাখো,,,
ham,,,,
ham,আমি শিখেছি যে রঞ্জিত স্যার আমাকে ফোন করেছেন। তাই আমিই এই ধরনের এসএমএস করছি। কারণ সে প্রকল্পটি যাচাই করছে। প্রভু আজকে বলেছেন তাই শুধু বাবা আমাকে ভুল করবেন না..,,,
ham,,,,
ham,"আমার মনে হয় এই কারণেই তুমি চিন্তিত। তোমার জানা উচিত যে শরীর নিজেকে মেরামত করার একটি উপায় আছে। এবং আমি নিশ্চিত যে তোমার চিন্তা করা উচিত নয়। আমরা ধীরে ধীরে করব। প্রথমে পরীক্ষা, তারা তোমার ডিম্বস্ফোটনের সময় নির্দেশনা দেবে তারপর শুধু বিশ্রাম নাও। তুমি যা বলেছো তা চিন্তার কারণ নয় তবে আমি তোমাকে অনুসরণ করতে থাকব।",,,
ham,"হ্যাঁ, আমার মানিব্যাগ খুঁজে বের করার জন্য আমাকে কয়েক মিনিট সময় দাও",,,
ham,"আরে, রেখে দাও। বড় কথা নয় :-) সাবধান।",,,
ham,"আরে, আমার দেরি হয়ে যাবে আহ... 945+ নম্বরে দেখা হবে",,,
ham,"ডাবল মিনিট এবং টেক্সট 4 অরেঞ্জে 6 মাস বিনামূল্যে ব্লুটুথ। সনি, নোকিয়া মটোরোলা ফোনে পাওয়া যাবে। MobileUpd8 নম্বরে 08000839402 নম্বরে কল করুন অথবা 2optout/N9DX নম্বরে কল করুন",,,
ham,মিস্টার আউল 3 টি লিক নিতে লাগল,,,
ham,গ্রাহকদের জন্য আমি আপনাকে কল করব।," HOWU DOIN? FOUNDURSELF A JOBYET SAUSAGE?LOVE JEN XXX\""""",,
ham,"হুম, সেই সময় তোমার মজা পছন্দ হয় না",,,
ham,4 মাস অর্ধেক দাম অরেঞ্জ লাইন ভাড়া এবং সর্বশেষ ক্যামেরা ফোন 4 টি বিনামূল্যে। তোমার ফোনটি 11 মাস ছিল? এখনই আপডেট করার জন্য 08000938767 নম্বরে বিনামূল্যে MobilesDirect নম্বরে কল করুন! or2stoptxt,,,
ham,"হ্যাঁ, এখনই আমার লাঞ্চ বুফে খাচ্ছি.. তুমি ইতিমধ্যেই খেয়ে ফেলেছো?",,,
ham,"হুম, এত দেরি... বন্ধুরা রাতের খাবার?",,,
ham,"আরে, তাহলে এই তো আমরা কি কেবল পাইলেটসের ভূমিকায় যাচ্ছি? নাকি কিকবক্সিং?",,,
ham,শুধু সকালেই আমি ঠিক করতে পারি।,,,
ham,,,,
ham,"হ্যাঁ, আমার মনে হয়। আমি অফিসে আছি কিন্তু আমার কোল রুমে আছে, আমার মনে হয় গত কয়েকদিন ধরে এটা চলছে। আমি এটা বন্ধ করিনি",,,
ham,,,,
spam,তোমাকে প্রায় ৭.৩০ টায় নিয়ে আসবো? কয়টা বাজে আর ওটা চলবে?,,,
ham,,,,
ham,এরপর থেকে পারফর্মেন্স অ্যাওয়ার্ড প্রতি দুই মাস অন্তর গণনা করা হয়। বর্তমান এক মাসের জন্য নয়..,,,
ham,,,,
ham,আসলে ঘুমাচ্ছিলাম এবং এখনও যখন তুমি ফোন করবে তখনও আসতে পারে। তাহলে একটা টেক্সট হল ৮। তুমি অসাধারণ বোন। ঘুম থেকে ওঠার পর তোমাকে একটা টেক্সট পাঠাবো।,,,
ham,,,,
ham,"তুমি সবসময় তোমার ব্যবসার কথা প্রচার করো। তুমি ফেসবুকে তোমার গাধার ছবি দিয়েছো। তুমি আমার দেখা সবচেয়ে খোলামেলা মানুষদের একজন। কেন ভাববো তোমার ঘরের ছবি তোমাকে কষ্ট দেবে, তোমাকে লঙ্ঘিত করবে।",,,
ham,,,,
spam,"শুভ সন্ধ্যা স্যার, আল সালাম ওয়ালেক্কুম। একটা খুশির খবর শেয়ার করছি। ঈশ্বরের কৃপায়, আমি টেইসের কাছ থেকে একটা অফার পেয়েছি।",,,
ham,"ইয়ার, টিসকো আর আমি যোগ দিয়েছি। আশা করি তুমি ভালো আছো। ইনশাআল্লাহ, কখনো দেখা হবে। রাকেশ, ভারত থেকে আগত অতিথি।",,,
ham,হুম...কে...কিন্তু আমি দ্রুত ফিল্ড পরিবর্তন করতে চাই দা:-)আমি সিস্টেম অ্যাডমিনিস্ট্রেটর অথবা নেটওয়ার্ক অ্যাডমিনিস্ট্রেটর পেতে চাই..,,,
ham,"পলির জন্য প্রথমে ৮৭১৩১ নম্বরে বিনামূল্যে রিংটোন টেক্সট করুন অথবা ট্রু টোনের জন্য ৮৭১৩১ নম্বরে GET টেক্সট করুন! সাহায্য? ০৮৪৫ ২৮১৪০৩২ ১৬ প্রথম ফ্রির পরে, টোন ৩xå£১৫০pw এবং শেষ করার জন্য txt স্টপ",,,
ham,প্রিয় চেচি কেমন আছো? তুমি কি তার সাথে কথা বলেছ,,,
ham,চুলের ক্রিম পাঠানো হয়নি।,,,
ham,তুমি এখানে না আসা পর্যন্ত এর কিছুই ঘটছে না,,,
ham,"হ্যাঁ, দারুন লক্সাহাটিচি ক্রিসমাস ট্রি পুড়ে যাচ্ছে &lt;#&gt; এক ঘন্টার মধ্যে শুরু হবে",,,
spam,"হা হা, গাড়ি চালিয়ে আমাদের কাছে যেতে অভ্যস্ত হও, আমি অনেক পাথরবাজদের চিনি",,,
ham,আমার প্রিয় বন্ধুদের সাথে আজ বিকেলে একটু খারাপ ক্লাস পর্যন্ত সব ঠিক ছিল! আশা করি ছুটি ঠিক আছে। কফি ভালো হবে কারণ আগামীকাল দেরি করে থাকতে পারব না। সবসময়ের মতো একই সময় + জায়গা?,,,
ham,হ্যালো! শুভ সপ্তাহ? পরে কিছু পান করতে চান?,,,
spam,বাসটপের দিকে যাচ্ছি,,,
ham,"বার্তা: কিছু লেখা নেই* প্রেরক: নাম নেই* *নম্বর নেই *প্রেরিত: তারিখ নেই *তোমাকে অনেক কিছু মনে হচ্ছে, তাই সবকিছুই নেই fullonsms.com এর মাধ্যমে পাঠানো হয়েছে",,,
ham,কোনও সময়ে আমাদের ঘরে আসুন যাতে আমরা এই সপ্তাহান্তের পরিকল্পনাটি ঠিক করতে পারি,,,
ham,কারণ আমি চাই এটা তোমার জিনিস হোক,,,
ham,"ঠিক আছে... আমিও যাব ইয়ান জিউ... আমরা ard oso, go cine den go mrt one এড়িয়ে যেতে পারি, blah blah blah...",,,
ham,বাড়িতে কিছু Wendy আনুন =D,,,
ham,100 ডেটিং পরিষেবা ক্যাল;l 09064012103 box334sk38ch,,,
ham,হোয়াটসঅ্যাপ। তুমি ঘুমাতে চাও না,,,
ham,ঠিক আছে আমার এখন একটি নতুন লক্ষ্য আছে,,,
ham,আমাদের £250 সাপ্তাহিক প্রতিযোগিতায় বিনামূল্যে প্রবেশের জন্য এখনই 80086 নম্বরে WIN শব্দটি টেক্সট করুন। ১৮ টি শর্তাবলী www.txttowin.co.uk,,,
ham,"ঠিক আছে, আমি কয়েক মিনিটের মধ্যে বেরিয়ে আসছি, আমাকে টেক্সট করুন কোথায় আপনার সাথে দেখা করতে হবে",,,
ham,আপনার প্রেমিকের একটি লোগো পাঠান - একটি হৃদয় দিয়ে যুক্ত দুটি নাম। LOVE NAME1 NAME2 MOBNO যেমন LOVE ADAM EVE 07123456789 লিখে 87077 নম্বরে Yahoo! POBox36504W45WQ লিখে 4 কোনও বিজ্ঞাপন নেই 150p,,,
ham,হ্যাঁ :) গত সপ্তাহ থেকেই আমি লাইভ কল নিচ্ছি।,,,
spam,কেউ আমাদের ডেটিং পরিষেবার সাথে যোগাযোগ করেছে এবং আপনার ফোনে প্রবেশ করেছে কারণ তারা আপনাকে পছন্দ করেছে! কে এটি জানতে ল্যান্ডলাইন থেকে কল করছে 09111032124 . PoBox12n146tf150p,,,
ham,শিভা হোস্টেলে আছে আহা:-।,,,
ham,জরুরি! আপনার মোবাইল নম্বরটি å£2000 পুরষ্কারের গ্যারান্টি সহ পুরষ্কার প্রদান করা হয়েছে। ল্যান্ড লাইন থেকে ০৯০৫৮০৯৪৪৫৫ নম্বরে কল করুন। দাবি ৩০৩০। শুধুমাত্র ১২ ঘন্টা বৈধ,,,
ham,এটি আপনার বন্ধুদের কাছে পাঠান এবং আপনার কণ্ঠস্বর সম্পর্কে কিছু পান..... আমার কথা বলার ভঙ্গি কেমন? ১.শিশুসুলভ ২.দুষ্টুমি ৩.অনুভূতি ৪.উগ্র ৫.ভঙ্গিতে ভরা ৬.রোমান্টিক ৭.লাজুক ৮.আকর্ষণীয় ৯.মজার &lt;#&gt; .বিরক্তিকর &lt;#&gt; .ভালোবাসাজনক। আমাকে উত্তর দিন..,,,
ham,ঠিক আছে। সে ঠিক হয়ে যাবে। আমার মনে হয়,,,
spam,আথি..তুমি কোথায় আছো প্রিয়..,,,
ham,প্রস্রাব করার সময় আর কোন ব্যথা হচ্ছে?,,,
ham,৭ এসপ্ল্যানেডে.. আজ আমার কাছে কোন গাড়ি নেই বলে আমাকে লিফট দিতে কিছু মনে করবেন না..,,,
ham,আমি জরুরিভাবে একটি BMW গাড়ি কিনতে চাই..এটি খুব জরুরি। কিন্তু আমার কাছে '#&gt;#&gt; এর ঘাটতি আছে। লক্ষ লক্ষ. এই প্রশ্নটি করার কোনও উৎস নেই। <#> লক্ষ লক্ষ.. এটাই আমার সমস্যা,,,
ham,বাড়িতে টিভি দেখছি।,,,
ham,সে কি সাধারণত হ্যাঁ বা না প্রশ্নের উত্তর দিতে পনের মিনিট সময় নেয়?,,,
ham,অভিনন্দন! Nokia 3650 ভিডিও ক্যামেরা ফোনটি তোমার। 09066382422 কলের দাম 150ppm Ave কল 3 মিনিট মোবাইল থেকে আলাদা 16+ বন্ধ 300603 পোস্ট BCM4284 Ldn WC1N3XX,,,
ham,পোঙ্গালের টিকিট বুক করেছেন?,,,
ham,তুমি এখন পাচ্ছো? আমি হিলসবারোতে আছি এবং <#>,,,
ham,প্রেরিত বার্তাটি <#> ডলার চাইছে। আমি কি <#> অথবা <#> ?,,,
ham,"জি অথবা আইওরিকে জিজ্ঞাসা করো, আমি গল্পটা দশবার বলেছি",,,
ham,আপেলের বীতে কতক্ষণ সময় লাগে,,,
ham,"হাই আশা করি তুমি এই টেক্সটটা পাবে ~ যাত্রা এখনও জিডি হয়নি, এখন প্রায় ৫০ মিনিট দেরি হয়ে গেছে আমার মনে হয়।",,,
spam,কিন্তু আমাকে করতেই হবে। আমি ভালোবাসা এবং ব্যবস্থা করতে পছন্দ করি।,,,
ham,হ্যাঁ..সে সত্যিই দুর্দান্ত..ভাজি ক্যালিসকে শচীনের পর বিশ্বের সেরা ক্রিকেটার বলেছিলেন :). বের হওয়া খুব কঠিন।,,,
ham,তোমার তো আমাকে জাগানোর কথা ছিল >:(,,,
ham,ওই... আমিও তাকে দেখেছি কিন্তু আমি তো সে আমাকে চিনতে পারিনি... আমি একটা গ্রুপ খুঁজে পেয়েছি liao...,,,
ham,"দুঃখিত, আমি পরে ফোন করব",,,
ham,"\হে হে বানররা বলে আমরা বানর! কেমন সুন্দর তুমি কেমন আছো? আমি নিজেই জোবিয়েত সসেজ আবিষ্কার করেছি? জেন XXX কে ভালোবাসি\""""",,,
ham,"দুঃখিত, আমার ব্যাটারি শেষ হয়ে গেছে, আমি আসতে পারি কিন্তু আমি আপাতত মাত্র এক গ্রাম পাচ্ছি, তোমার জায়গা কোথায়?",,,
ham,"খুব ভালো হয়েছে, ব্লিমে, ব্যায়াম, হ্যাঁ, আমার মনে আছে কি, হুম।",,,
ham,আমি একাগ্রতা পাবো না প্রিয় তুমি জানো তুমিই আমার মন এবং সবকিছু :-),,,
ham,হা হা ... তুমি কি নতুন বছরের জন্য পরিকল্পনা করেছ?,,,
spam,১০ মিনিট পরে k...,,,
ham,অনেক ধন্যবাদ!,,,
spam,আশা করি আজ তোমার দিনটা ভালো কেটেছে,,,
spam,K:)k:) তুমি কোন কোন তথ্য স্থানান্তর করতে চাও? যথেষ্ট নয়?,,,
ham,"ঠিক আছে, আমি তাকে বাইরে থাকতে বলব। হ্যাঁ, এটা কঠিন ছিল কিন্তু আমরা আশাবাদী যে এই মাসে পরিস্থিতির উন্নতি হবে।",,,
ham,,,,
ham,"যেকোনো উদ্দেশ্যে ঋণ £৫০০ - £৭৫,০০০। বাড়ির মালিক + ভাড়াটেদের স্বাগত। আপনাকে কি আগে প্রত্যাখ্যান করা হয়েছিল? আমরা এখনও সাহায্য করতে পারি। ০৮০০ ১৯৫৬৬৬৯ নম্বরে বিনামূল্যে কল করুন অথবা 'সাহায্য' লিখে টেক্সট করুন",,,
ham,,,,
ham,হ্যাঁ হ্যাঁ। আমার মনে হয় আমি ওই ওরিও ট্রাফলগুলি তৈরি করব।,,,
ham,,,,
spam,"অ্যামি ইউরেকে দেখো একজন সুন্দরী, বুদ্ধিমান মহিলা এবং আমি তোমাকে অনেক পছন্দ করি। আমি জানি তুমি আমাকে পছন্দ করো না, তাই চিন্তা করো না।",,,
ham,,,,
spam,আমি আশা করি তুমি ধারাবাহিকভাবে বুদ্ধিমান এবং দয়ালু হওয়ার ফল। তাকে অনুশীলন লিঙ্ক সম্পর্কে জিজ্ঞাসা করা শুরু করো এবং কান খোলা রাখো এবং শুভকামনা। ttyl,,,
ham,"১.২০ কল খরচ। যা আমার মনে হয় খারাপ নয়। মিস ইয়া, তোমাকে দরকার, তোমাকে চাই, তোমাকে ভালোবাসি",,,
spam,একটি ভিন্ন অনুভূতির মধ্য দিয়ে যাচ্ছি,,,
ham,সিদ্ধান্তে দ্বিধাগ্রস্ত হওয়া এবং একই সাথে মানিয়ে নেওয়া একই ব্যক্তি। সময় আমার বিশ্বাস সবকিছু ঠিক করে দেবে।,,,
spam,,,,
ham,"তুমি কোথায় গিয়েছিলে? আমার ফোনটা মরে যাবে, তোমাকে এখানেই থাকতে হবে",,,
ham,,,,
ham,দারুন। এর চেয়ে ভালো আর কখনও হয়নি। প্রতিটি দিন ঈশ্বরকে ধন্যবাদ জানানোর আরও অনেক কারণ,,,
ham,"UpgrdCentre Orange গ্রাহক, তুমি এখন তোমার আনুগত্যের জন্য তোমার বিনামূল্যের ক্যামেরা ফোন আপগ্রেড দাবি করতে পারো। এখনই 0207 153 9153 নম্বরে কল করো। অফারটি 26শে জুলাই শেষ হবে। শর্তাবলী প্রযোজ্য। অপ্ট-আউট উপলব্ধ",,,
ham,"দুঃখিত, আমি পরে ফোন করব ঠিক আছে বিদায়",,,
ham,,,,
ham,ঠিক আছে আমি রেলপথে যাচ্ছি,,,
ham,দারুণ রাজকুমারী! আমি মৌখিকভাবে দেওয়া এবং গ্রহণ করতে ভালোবাসি। ডগি স্টাইল আমার প্রিয় অবস্থান। তুমি কেমন আছো? আমি প্রতি রাতে <#> বার প্রেম করতে উপভোগ করি :),,,
ham,ওরা রাস্তায় জিনিসপত্র পিচ্ছিল না হওয়ার জন্য রাস্তায় রাখে না?,,,
spam,,,,
ham,তুমি কখন তোমার সাইকেল চালাবে?,,,
ham,"হ্যাঁ, কোন প্রয়োজন নেই। আমি ৪টা বৃষ্টিতে ২টা থামার জন্য অপেক্ষা করবো।",,,
ham,অনেক কোম্পানি আছে। ভাষাটা বলো।,,,
ham,"okmail: প্রিয় ডেভ, তোমার ৪* টেনেরিফ হলিডে অথবা #৫০০০ ক্যাশ অ্যাওয়ার্ড সংগ্রহ করার জন্য এটা তোমার শেষ নোটিশ! ল্যান্ডলাইন থেকে ০৯০৬১৭৪৩৮০৬ নম্বরে কল করো। TCs SAE Box326 CW25WX ১৫০ppm",,,
ham,"তুমি চিৎকার করে কতদিন হয়ে গেল, রাজকুমারী?",,,
ham,"কিছুই না। আমি বলতে চাইছিলাম যে একবার টাকা এখানে তোমার অ্যাকাউন্টে প্রবেশ করলে, ব্যাংক তার ফ্ল্যাট রেট সরিয়ে ফেলবে। কেউ আমার অ্যাকাউন্টে &lt;#&gt; ট্রান্সফার করেছে এবং &lt;#&gt; ডলার সরিয়ে ফেলা হয়েছে। তাই ব্যাংক ভিন্ন এবং চার্জও ভিন্ন। নিশ্চিত করুন যে তুমি যে ৯ja ব্যক্তিকে অ্যাকাউন্টের বিবরণ পাঠাচ্ছ তাকে বিশ্বাস করো কারণ...",,,
ham,আজ রাতে দুজনকে কাজ করতে চান? সত্যিকারের ডগিং লোকেশন সরাসরি আপনার মোবাইলে পাঠাতে চান? 69888Nyt. ec2a নম্বরে MOAN টেক্সট করে যুক্তরাজ্যের বৃহত্তম ডগিং নেটওয়ার্কে যোগদান করুন। 31p.msg@150p,,,
ham,ভাঙা হৃদয়ের একজনের কথায় সুন্দর একটা লাইন - দয়া করে আমার সামনে আর একবার কাম করো না... অন্যথায় আবারও আমি তোমাকে বিশ্বাস করব... ভালো 9t :),,,
ham,ঠিক আছে আমি পনেরো মিনিটের মধ্যে ইউএসএফ-এ যাব,,,
ham,,,,
ham,ভালোবাসি আথি..ভালোবাসি তোমাকে অনেক..,,,
ham,,,,
ham,টেনশন আহ? কী মাচি? কোন সমস্যা?,,,
ham,,,,
ham,"কে, তোমার কাজ শেষ হলে আমি কি আর অষ্টম নিতে পারি?",,,
ham,,,,
ham,তোমরা কখন ফিরবে? জি বললে তুমি এমসিআর-এর জন্য না থাকার কথা ভাবছিলে,,,
ham,,,,
ham,"প্রায় এসে গেছি, এক সেকেন্ডের মধ্যে দেখা হবে",,,
ham,"ইয়ো কার্লোস, কয়েকজন বন্ধু ইতিমধ্যেই তোমার সম্পর্কে জিজ্ঞাসা করছে, তুমি এই সপ্তাহান্তে কাজ করছো?",,,
ham,,,,
ham,টিভি দেখছো...,,,
spam,,,,
ham,ধন্যবাদ সোনা! আসল জিনিসটা দেখার জন্য আমি অপেক্ষা করতে পারছি না...,,,
ham,,,,
ham,তোমার ফেসবুক জ্যাকওয়ান থাগলিফ ফ্যালকনার্ফে পরিবর্তন করা উচিত,,,
ham,যদি আমরা জিতি তাহলে অনেকদিন ধরে এটা সত্যিই ১ নম্বর দল।,,,
ham,,,,
ham,"বিনামূল্যে বার্তা এই বার্তার উত্তরে ""FREE"" শব্দটি ব্যবহার করে আপনার ৫০০টি বিনামূল্যের টেক্সট বার্তা সক্রিয় করুন। শর্তাবলীর জন্য, www.07781482378.com দেখুন।",,,
ham,প্রিয় রেলওয়ে পৌঁছেছে। তোমার কী হবে?,,,
ham,"মানের উপর নির্ভর করে। যদি তুমি আমার পাঠানো টাইপটি চাও, তাহলে প্রায় ৬টি। যদি তুমি র‍্যালফ চাও, তাহলে হয়তো ২টি",,,
ham,"আমার মনে হয় আমি ঠিক করে ফেলেছি, তাহলে কি তুমি একটি পরীক্ষামূলক বার্তা পাঠাতে পারো?",,,
ham,"দুঃখিত ভাই, আমার অ্যাকাউন্ট শুষ্ক, অথবা আমি করব, যদি তুমি চাও আমরা অর্ধেক ফেরত দিতে পারি অথবা আমি আমার ক্রেডিট কার্ড দিয়ে কিছু জিনিস কিনতে পারি",,,
ham,"অভিনন্দন! ২টির জন্য ১ বছরের বিশেষ সিনেমা পাস তোমার। এখনই ০৯০৬১২০৯৪৬৫ নম্বরে কল করো! C Suprman V, Matrix3, StarWars3, ইত্যাদি ৪টি বিনামূল্যে! bx420-ip4-5we. দুপুর ১৫০টা। মিস করবেন না!",,,
spam,"দুঃখিত, মিটিংয়ে আমি পরে ফোন করব",,,
ham,পুনর্মিলনের কোন ক্লাস?,,,
ham,তুমি কি এখন ফ্রি আছো? আমি কি এখন ফোন করতে পারি?,,,
spam,,,,
ham,বুঝলাম... কখন?,,,
ham,,,,
ham,"না... মনে হচ্ছে সোমবারে যাব... দুঃখিত, আমি এত দেরিতে উত্তর দিয়েছি",,,
spam,তাদের মধ্যে কেউ কেউ বলেছে যে অ্যাকসেন্টার নিশ্চিত নয়। এটা কি সত্যি।,,,
ham,,,,
ham,"কেট জ্যাকসন ৭টার আগে রিক সেন্টার, তাই না?",,,
ham,,,,
ham,প্রিয় আমার কাছে পৌঁছানোর জায়গা আছে,,,
ham,,,,
ham,"পৃথিবীর সাথে লড়াই করা সহজ, তুমি হয় জিতবে অথবা হারবে কিন্তু তোমার কাছের কারো সাথে লড়াই করা কঠিন যদি তুমি হেরে যাও - তুমি হেরে যাও যদি তুমি জিতো - তবুও হেরে যাও।",,,
ham,,,,
spam,কখন Ì_ বেরিয়ে আসতে পারবে?,,,
spam,,,,
spam,নিউরোলজিস্টের সাথে যোগাযোগ করুন।,,,
ham,,,,
ham,হাহাহা। আমি মাছ থেকে জলে গিয়েছিলাম..?,,,
ham,,,,
ham,+123 অভিনন্দন - এই সপ্তাহের প্রতিযোগিতার ড্রতে তুমি å£1450 পুরস্কার জিতেছ দাবি করার জন্য শুধু 09050002311 b4280703 নম্বরে কল করুন। শর্তাবলী/স্টপ এসএমএস করুন ০৮৭১৮৭২৭৮৬৮। ১৮ জনের বেশি মাত্র ১৫০ পিপিএম,,,
spam,"না, গাড়িতে অপেক্ষা করছি, বিরক্ত লাগছে। কারণ বাইরে অপেক্ষা করার কিছু নেই। বাড়িতে আমার কাজ করতে পারি বা টিভি দেখতে পারি।",,,
ham,"হয়তো ওয়েস্টশোর অথবা হাইড পার্ক ভিলেজ, আমার বাড়ির কাছের জায়গা?",,,
ham,"তোমার এখন জানা উচিত। তাহলে অ্যান্থনি কেমন আছে? তুমি কি টাকা আনছো? আমার স্কুলের ফি, ভাড়া ইত্যাদি দিতে হবে। এজন্যই আমার তোমার সাহায্যের প্রয়োজন। একজন অভাবী বন্ধু....",,,
ham,এর তাৎপর্য কী?,,,
ham,আমার সম্পর্কে তোমার মতামত? ১. ওভার ২. জাদা ৩. কুসরুথি ৪. লাভজনক ৫. নীরব ৬. স্পেল চরিত্র ৭. পরিণত নয় ৮. স্টাইলিশ ৯. সিম্পল প্লিজ রিপ্লাই..,,,
ham,"৮. এখন, যদি তুমি কিছু গোলাবারুদ সংগ্রহ করতে পারো এবং নতুন এ কে একবার চেষ্টা করে দেখতে চাও, তাহলে আমি এখনও আছি।",,,
ham,প্রভা..আমি সোরিদা..সত্যিই..আমি আন্তরিকভাবে দুঃখিত,,,
ham,হাহা ঠিক আছে তুমি ক্ষমা করে দিও :),,,
ham,না..শুধুমাত্র পরিবর্তন করো..,,,
spam,"আপনার জন্য সর্বশেষ নকিয়া ফোন, একটি ৪০ জিবি আইপড এমপিথ্রি প্লেয়ার অথবা একটি £৫০০ পুরস্কারের নিশ্চয়তা! টেক্সট করুন: সংগ্রহ করুন নম্বর: ৮৩৩৫৫! IBHltd LdnW15H 150p/Mtmsgrcvd18+",,,
ham,S:)তার জন্য কোন প্রতিযোগিতা নেই।,,,
ham,১৫০ পেন্সের জন্য বোল্টব্লু টোন উত্তর দিন POLY# অথবা MONO# যেমন POLY3 ১. চা চা স্লাইড ২. হ্যাঁ ৩. স্লো জ্যাম ৬. টক্সিক ৮. কাম উইথ মি অথবা স্টপ আরও ৪ টি টোন txt আরও,,,
ham,আপনার ক্রেডিট http://www.bubbletext.com এর জন্য টপ আপ করা হয়েছে আপনার রিনিউয়াল পিন হল tgxxrz,,,
spam,"এইভাবে শনিবার রাতের তুলনায় পরিবহনে কম সমস্যা হয়। যাইহোক, আপনি যদি আমার জন্মদিনে যোগদানের জন্য n কে জিজ্ঞাসা করতে চান, তাহলে নির্দ্বিধায় থাকুন। তবে শুক্রবার বুকিং করার সময় নির্দিষ্ট নম্বর জানা প্রয়োজন।",,,
